"ID","Status","Subject","Requester","Requested","Assignee","Organization","Ticket Type","Solved","Priority"
"4682","Open","ServiceNow- :In Pivot widget, Copy & Paste field names with space is put into new each word as new field.","Vineet Maheshwari","2024-09-16 10:25","Sandeshi Nikkam","ServiceNow","Product Issue","","Normal"
"4681","Open","Servicenow-list of tables not fetching in Navigator and Search table functionality not working.","Vineet Maheshwari","2024-09-16 10:05","Sandeshi Nikkam","ServiceNow","Product Issue","","Normal"
"4680","Open","Batch process global variables substitution does not work in SQL query global variables","Robert May","2024-09-13 21:08","Sandeshi Nikkam","Medidata","Product Usage Guidance","","Normal"
"4677","Open","FDR - Push down function give error","Khanh Pham","2024-09-13 01:49","Sandeshi Nikkam","KinderCare","Product Usage Guidance","","Normal"
"4676","Open","SQL Open Connections","Richard Lowe","2024-09-12 21:17","Abhiram Amaraneni","RPMI Railpen","Product Usage Guidance","","Normal"
"4674","Open","Error Encountered During MySQL Query Execution in DIP Project","Kallem, Harika [JJCUS NON-J&J]","2024-09-12 17:00","Sandeshi Nikkam","J&J","Product Usage Guidance","","Normal"
"4673","Open","Batch job is not saved after edit","Khanh Pham","2024-09-12 02:11","Nuthan Jakkam","KinderCare","Product Usage Guidance","","High"
"4671","Open","Jobs stuck on running status","Aava Shrestha","2024-09-11 19:52","Sandeshi Nikkam","RPMI Railpen","Product Usage Guidance","","Normal"
"4670","Open","Unable to Stop Execution","Shakir Kagzi","2024-09-11 02:48","Abhiram Amaraneni","Onezero","Product Usage Guidance","","High"
"4669","Closed","RE: AWS Users List - 2024","Mila Lee","2024-09-11 01:03","Nuthan Jakkam","","Sales","2024-09-11 11:48","Low"
"4666","Open","SNOW-RDT Integration - Incident creation","Saravanan Chellappan","2024-09-10 14:16","Sandeshi Nikkam","Juniper Networks","Product Issue","","Normal"
"4663","Pending","Existing test case show breaking links","Khanh Pham","2024-09-07 00:22","Nuthan Jakkam","KinderCare","Product Usage Guidance","","Normal"
"4662","Pending","Compilation Error in custom function","Khanh Pham","2024-09-06 21:15","Sandeshi Nikkam","KinderCare","Product Issue","","Normal"
"4660","Pending","TLS/SSL Certificate","Capuli, Kyla Isabel","2024-09-06 17:46","Nuthan Jakkam","P&G","License Related","","Normal"
"4659","Open","Data Trust being very slow","Yan, Sean","2024-09-06 17:44","Abhiram Amaraneni","EdenTree","Product Usage Guidance","","High"
"4658","Solved","Issue with RightData View","Vadim Bakman","2024-09-06 00:26","Nuthan Jakkam","UCare","Product Usage Guidance","2024-09-13 20:37","Normal"
"4657","Closed","Migration from Entrust issued Public TLS/SSL Certificates – Informational Meeting 1","CertSupport, Ion","2024-09-05 18:31","Sandeshi Nikkam","P&G","Customer Infra Related","2024-09-06 10:27","Normal"
"4656","Open","Naming convention for email attachment","Aava Shrestha","2024-09-05 14:24","Sandeshi Nikkam","RPMI Railpen","Product Issue","","Normal"
"4654","Closed","Inbound answered call on RD USA","'+15716223035 Aircall new contact","2024-09-04 23:00","Abhiram Amaraneni","","Miscellaneous","2024-09-04 23:03","Low"
"4652","Open","Data Trust Connection issue","Jayheen Patel","2024-09-04 16:44","","EdenTree","Product Issue","","Normal"
"4649","Pending","RE: Data Trust database access","Jayheen Patel","2024-09-03 14:02","Abhiram Amaraneni","EdenTree","Product Usage Guidance","","Normal"
"4647","Closed","FDR Batch Jobs Error","Gowtham Madhavan","2024-09-02 13:47","Nuthan Jakkam","Juniper Networks","Product Issue","2024-09-10 12:44","Urgent"
"4646","Closed","RE: [SAP to Cloud Migration - Central Finance] Non-SAP Applications - RightData","Capuli, Kyla Isabel","2024-09-02 10:17","Sandeshi Nikkam","P&G","Customer Infra Related","2024-09-10 18:05","Normal"
"4644","Open","Additional column to be added in Data Trust","Jayheen Patel","2024-08-30 19:17","Abhiram Amaraneni","EdenTree","Enhancement Request","","Normal"
"4643","Closed","Urgent Intervention: Migration from Entrust issued Public TLS/SSL Certificates – Update 1","CertSupport, Ion","2024-08-29 20:06","Nuthan Jakkam","P&G","Customer Infra Related","2024-09-10 13:10","Low"
"4639","Closed","Conversation with Aravind Survu","Aravind Survu","2024-08-28 12:03","Sandeshi Nikkam","","Miscellaneous","2024-08-28 12:29","Low"
"4638","Pending","Re: DataTrust // KinderCare - AWS Instance","Sushma Abburi","2024-08-28 09:31","Anil Kumar","KinderCare","Product Usage Guidance","","Normal"
"4637","Closed","RE: Accessing CSV File with no credentials","Vadim Bakman","2024-08-28 00:22","Sandeshi Nikkam","UCare","Product Usage Guidance","2024-08-28 21:30","Normal"
"4635","Pending","Re: Add IP restriction:","Nate Good","2024-08-27 21:48","","PACE Claims","Customer Infra Related","","High"
"4634","Closed","Re: RightData not moving froward after ""Rendering results... "" setp","Phuyal, Suman","2024-08-27 21:45","Abhiram Amaraneni","Granite Construction","Customer Infra Related","2024-09-10 12:24","High"
"4627","Closed","Unable to see the RightData version tracking for Bulk data validation scenario","Ranjan Das, Dibya","2024-08-26 15:47","Sandeshi Nikkam","Wolters Kluwer","Product Issue","2024-09-09 15:47","Normal"
"4625","Open","When session expires, taken to a blank page. Route doesn't exists.","Nate Good","2024-08-24 22:14","","PACE Claims","","","Low"
"4624","Open","Currently Running List Bugs","Nate Good","2024-08-24 20:27","","PACE Claims","","","Low"
"4623","Open","[Enhancement] Snowflake Polaris Iceberg based data catalog access","Robert May","2024-08-24 03:43","","Medidata","Enhancement Request","","Normal"
"4616","Open","Re: ServiceNow - Performance issue","Vineet Maheshwari","2024-08-23 12:15","Sandeshi Nikkam","ServiceNow","Product Issue","","Normal"
"4613","Closed","Right Data - getting error","Sahite, Sonali [JJCUS NON-J&J]","2024-08-22 11:50","Nuthan Jakkam","J&J","Product Usage Guidance","2024-09-02 10:24","Normal"
"4608","Closed","FW: Data Trust","Jayheen Patel","2024-08-21 14:11","Abhiram Amaraneni","EdenTree","Product Issue","2024-09-10 18:54","Normal"
"4603","Pending","Re: RDt metrics table for Query Chain","Gowtham Madhavan","2024-08-20 18:25","","Juniper Networks","Product Issue","","High"
"4602","Pending","P1 - All Reporting Failing Again","Nate Good","2024-08-20 16:28","","PACE Claims","","","Urgent"
"4595","Closed","Re: Monthly EdenTree <> RightData catch up","Yan, Sean","2024-08-19 19:08","Abhiram Amaraneni","EdenTree","Product Usage Guidance","2024-09-10 12:33","Normal"
"4589","Closed","Inbound answered call on RD USA","'+19413045584 Aircall new contact","2024-08-16 01:05","Abhiram Amaraneni","","Miscellaneous","2024-08-16 20:57","Low"
"4588","Closed","Inbound answered call on RD USA","'+18722996897 Aircall new contact","2024-08-16 00:06","Abhiram Amaraneni","","Miscellaneous","2024-08-16 20:57","Low"
"4586","Closed","Monthly EdenTree <> RightData Catch Up | Enhancements and Bugs","Yan, Sean","2024-08-15 20:41","Abhiram Amaraneni","EdenTree","","2024-08-20 09:55","'-"
"4585","Closed","Monthly EdenTree <> RightData Catch Up | Enhancements and Bugs","Yan, Sean","2024-08-15 20:41","Abhiram Amaraneni","EdenTree","","2024-08-20 09:55","'-"
"4583","Open","Data Trust connection issue","Yan, Sean","2024-08-15 16:13","","EdenTree","Customer Infra Related","","Normal"
"4582","Open","No Data Trust emails generated this morning","Jayheen Patel","2024-08-15 13:39","Abhiram Amaraneni","EdenTree","Product Issue","","Normal"
"4581","Closed","SSO Enablement - AD integration (via SAML)","Bharath Chandrasekaran","2024-08-15 01:29","Anil Kumar","DHL","Customer Infra Related","2024-09-11 05:15","Urgent"
"4577","Closed","Add 52.191.14.40 to Whitelist for pace.rightdata.cloud","Nate Good","2024-08-14 03:00","Srinivas Arroju","PACE Claims","Customer Infra Related","2024-09-03 20:35","High"
"4574","Open","Pictet Skagen Position Rec","Yan, Sean","2024-08-13 19:05","","EdenTree","Product Usage Guidance","","Normal"
"4573","Closed","Re: Issue with ‘ACDOCA_M_EXTRACT_Full_Load_GetS/4_Comp’ in Job report","Dyavadi, Thanmayee [JJCUS NON-J&J]","2024-08-13 14:46","Sandeshi Nikkam","J&J","Product Usage Guidance","2024-08-14 17:14","Normal"
"4572","Open","RE: RightData isn't running anything after update","Richard Lowe","2024-08-13 14:32","Sandeshi Nikkam","RPMI Railpen","Product Issue","","Urgent"
"4564","Closed","Unable to connect to the stage DB server from Rightdata","Ranjan Das, Dibya","2024-08-12 16:50","Sandeshi Nikkam","Wolters Kluwer","Product Issue","2024-08-12 18:01","Normal"
"4563","Closed","TDR Source row count shown as '0'","Gowtham Madhavan","2024-08-10 21:14","Sandeshi Nikkam","Juniper Networks","Customer Infra Related","2024-09-04 18:11","Urgent"
"4561","Closed","P1 - All Reporting Failing","Nate Good","2024-08-09 20:29","Abhiram Amaraneni","PACE Claims","","2024-09-10 18:21","Urgent"
"4560","Closed","Request to change Email Domain in RD workflow notifications","Potnuru, Sonia patro [JJCUS NON-J&J]","2024-08-09 20:17","Sandeshi Nikkam","J&J","Product Usage Guidance","2024-08-23 10:20","Normal"
"4558","Closed","Uniqueness of SCENARIO_ID","Gowtham Madhavan","2024-08-09 18:44","Sandeshi Nikkam","Juniper Networks","Product Usage Guidance","2024-08-14 17:35","High"
"4556","Closed","DT Registration (GF) - georgefirican@gmail.com","support@getrightdata.com","2024-08-08 23:11","Sandeshi Nikkam","RightData","Try RDt","2024-09-10 12:28","High"
"4552","Closed","Re: Unable to open the RightData package from Email","Potnuru, Sonia patro [JJCUS NON-J&J]","2024-08-08 17:52","Sandeshi Nikkam","J&J","Product Usage Guidance","2024-08-09 11:17","Normal"
"4546","Closed","ServiceNow - RestAPI","Lakshmi Banerjee","2024-08-07 18:51","Sandeshi Nikkam","ServiceNow","Product Issue","2024-08-09 11:03","High"
"4544","Open","Railpen - Excel attachment in email instead the download link","Richard Lowe","2024-08-07 17:45","","RPMI Railpen","Enhancement Request","","Normal"
"4543","Closed","Data Trust - build new reconciliation","Jayheen Patel","2024-08-07 16:59","Abhiram Amaraneni","EdenTree","Product Issue","2024-09-10 12:40","Normal"
"4539","Closed","RightData on-prem solution","Jayheen Patel","2024-08-06 20:35","Abhiram Amaraneni","EdenTree","Product Usage Guidance","2024-08-07 09:44","Normal"
"4536","Closed","Daily Failed Snapshots Refresh Error","Esta, Desiree","2024-08-06 11:06","Sandeshi Nikkam","P&G","Product Usage Guidance","2024-08-09 11:21","High"
"4535","Closed","PBI Reports are not working","Sushma Abburi","2024-08-06 02:24","Sandeshi Nikkam","KinderCare","Product Issue","2024-08-26 14:51","Normal"
"4534","Closed","Data Trust failed to generate emails","Jayheen Patel","2024-08-05 14:13","Abhiram Amaraneni","EdenTree","Product Issue","2024-09-10 12:56","Normal"
"4530","Pending","How to Create Variable for Current Time","Jason Galvin","2024-08-01 23:36","Abhiram Amaraneni","Onezero","Product Issue","","Normal"
"4526","Closed","Snowflake FDR row count execution generates syntax error in middleware.","Robert May","2024-08-01 22:09","Abhiram Amaraneni","Medidata","Product Usage Guidance","2024-09-12 02:08","High"
"4520","Closed","ServiceNow - Build Fix update (CSV Issue)","Lakshmi Banerjee","2024-08-01 10:12","Sandeshi Nikkam","ServiceNow","Product Issue","2024-08-07 14:51","High"
"4519","Closed","ServiceNow-Snowflake issue","Lakshmi Banerjee","2024-08-01 10:10","Nuthan Jakkam","ServiceNow","Product Issue","2024-08-07 14:52","High"
"4481","Closed","Issue with RightData_db size quota exceeded","Dyavadi, Thanmayee [JJCUS NON-J&J]","2024-07-30 18:51","Nuthan Jakkam","J&J","Product Usage Guidance","2024-08-07 10:48","Normal"
"4474","Closed","Unable to add watchlist in Data Trust","Jayheen Patel","2024-07-30 14:04","Abhiram Amaraneni","EdenTree","Product Issue","2024-09-10 12:47","Normal"
"4473","Pending","Rightdata support ODBC driver connection to connect to Databricks","srikanth yathigiri","2024-07-30 02:11","Abhiram Amaraneni","Mercy","Product Usage Guidance","","Normal"
"4470","Closed","Re: Out of Memory Error","Jayheen Patel","2024-07-29 16:29","Nuthan Jakkam","EdenTree","Product Issue","2024-07-30 13:23","Normal"
"4469","Closed","Connectivity Issue","Dyavadi, Thanmayee [JJCUS NON-J&J]","2024-07-29 15:46","Sandeshi Nikkam","J&J","Product Usage Guidance","2024-07-29 20:12","Normal"
"4468","Closed","BRV - Reference check not populating in BRV Metrics table","Gowtham Madhavan","2024-07-29 14:02","Sandeshi Nikkam","Juniper Networks","Product Usage Guidance","2024-08-12 16:07","High"
"4467","Closed","N6A Unicode Meeting","Capuli, Kyla Isabel","2024-07-29 13:17","Abhiram Amaraneni","P&G","Product Usage Guidance","2024-07-30 13:24","Normal"
"4466","Closed","Kenvue:Issue with Column Mismatch and Map Source/Target Blanking in FDR","Victor RajaSingh, Shiny [Non-Kenvue]","2024-07-29 12:43","Sandeshi Nikkam","Kenvue","Product Usage Guidance","2024-08-23 10:24","High"
"4461","Closed","Able to sign in to my DataTrust Account with both my LDAP and old passwords","Bharath Chandrasekaran","2024-07-25 18:30","Sandeshi Nikkam","DHL","Product Usage Guidance","2024-08-02 10:08","Urgent"
"4460","Closed","Data Trust displaying multiple rows in the result view","Yan, Sean","2024-07-25 16:00","Abhiram Amaraneni","EdenTree","Product Issue","2024-09-10 12:45","Normal"
"4459","Closed","Discrepancies in RightData Validation between Salesforce and Datahub for JJI DI","Potnuru, Sonia patro [JJCUS NON-J&J]","2024-07-25 14:47","Sandeshi Nikkam","J&J","Product Usage Guidance","2024-08-07 19:27","Normal"
"4456","Closed","Quick Connect on the Data source for Anaplan","Potnuru, Sonia patro [JJCUS NON-J&J]","2024-07-25 13:04","Abhiram Amaraneni","J&J","Customer Infra Related","2024-08-07 10:47","Normal"
"4455","Open","Notification if the Job doesn't execute","Saravanan Chellappan","2024-07-25 12:55","Sandeshi Nikkam","Juniper Networks","Enhancement Request","","Normal"
"4454","Pending","Issue with Duplicate Email Notifications for Batch Script Execution","Sushma Abburi","2024-07-25 06:32","","KinderCare","Product Issue","","Normal"
"4453","Pending","Issue with Batch Scripts Erroring Out During Scheduled Runs","Sushma Abburi","2024-07-25 06:18","","KinderCare","Product Issue","","Normal"
"4452","Closed","Re: RDT Connectivity to AWS S3 Bucket","Saravanan Chellappan","2024-07-24 13:50","Sandeshi Nikkam","Juniper Networks","Product Usage Guidance","2024-08-09 12:25","Normal"
"4451","Pending","Salesforce Connection is not working in RDT","Sushma Abburi","2024-07-24 09:27","Nuthan Jakkam","KinderCare","Product Usage Guidance","","Normal"
"4450","Closed","SQL Athena based ingestion causes null exception when using packetize by values in widget","Robert May","2024-07-24 00:00","Sandeshi Nikkam","Medidata","Product Issue","2024-09-12 10:41","Normal"
"4449","Closed","DATATRUST Account locked after using Regular login password","Ashwinkumar Balak (DHLeC), external","2024-07-23 20:34","Abhiram Amaraneni","DHL","Product Usage Guidance","2024-07-24 10:38","Urgent"
"4447","Closed","Error converting data type nvarchar to float.","Gowtham Madhavan","2024-07-23 18:31","Nuthan Jakkam","Juniper Networks","Product Usage Guidance","2024-07-25 15:36","High"
"4446","Closed","Incorrect result - YARDI Pos Reconciliation check Matrix vs IDM","Aava Shrestha","2024-07-22 21:36","Abhiram Amaraneni","RPMI Railpen","Product Usage Guidance","2024-07-24 13:14","Normal"
"4445","Closed","20240722 || Observing Middleware Communication Error","Rajkumar, Vinodh kumar [GTSUS Non-J&J]","2024-07-22 18:01","Abhiram Amaraneni","J&J","Customer Infra Related","2024-07-23 12:09","Normal"
"4443","Closed","Types of validation list in all validation types","Gowtham Madhavan","2024-07-22 16:09","Nuthan Jakkam","Juniper Networks","Product Usage Guidance","2024-07-30 15:28","High"
"4442","Closed","RE: Unable to access/view the query logic used in RD scenarios","Sarkar, Soumi [JANIN NON-J&J]","2024-07-22 16:02","Nuthan Jakkam","J&J","Product Usage Guidance","2024-07-25 11:01","High"
"4441","Closed","RightData isn't running anything after update","Richard Lowe","2024-07-22 12:02","Sandeshi Nikkam","RPMI Railpen","Product Issue","2024-08-07 18:20","Normal"
"4440","Closed","Re: DataTrust // Ucare Prod upgrade request","suresh veerabomma","2024-07-20 00:37","Anil Kumar","UCare","Install / Upgrade","2024-08-05 12:53","Normal"
"4438","Closed","G1A104 / G1A198 TCURR Error","Capuli, Kyla Isabel","2024-07-19 11:30","Sandeshi Nikkam","P&G","Product Usage Guidance","2024-07-19 17:13","Normal"
"4437","Pending","Snowflake query is running slowly in RightData when compared to Snowflake","Gowtham Madhavan","2024-07-18 15:46","","Juniper Networks","Product Usage Guidance","","Normal"
"4436","Closed","Error while running FDR","Victor RajaSingh, Shiny [Non-Kenvue]","2024-07-18 15:34","Nuthan Jakkam","Kenvue","Product Usage Guidance","2024-08-02 15:16","Normal"
"4435","Open","Handling Column Sequence Changes in TDR Mappings to Ensure Checksum Integrity","Vikaram, Jayu","2024-07-18 14:18","Sandeshi Nikkam","Wolters Kluwer","Product Issue","","Normal"
"4434","Closed","RE: RightData version tracking feature","Vikaram, Jayu","2024-07-18 11:20","Abhiram Amaraneni","Wolters Kluwer","Product Usage Guidance","2024-08-12 10:56","Normal"
"4433","Closed","RightData MetaData and DB Migration","Vikaram, Jayu","2024-07-17 18:48","Sandeshi Nikkam","Wolters Kluwer","Product Usage Guidance","2024-08-30 10:32","High"
"4432","Closed","Recall: INC000000334059: Logical Disk Free Space is low - The disk F: on computer azrwdnnvaw0003.jx2.com is running out of disk space","Hannure, Abdul [Non-Kenvue]","2024-07-17 17:47","Nuthan Jakkam","Kenvue","","2024-07-17 22:49","'-"
"4431","Closed","Re: INC000000334059: Logical Disk Free Space is low - The disk F: on computer azrwdnnvaw0003.jx2.com is running out of disk space","Hannure, Abdul [Non-Kenvue]","2024-07-17 16:19","Nuthan Jakkam","Kenvue","Product Usage Guidance","2024-07-17 22:51","Normal"
"4430","Closed","Re: RightData Error","Vikaram, Jayu","2024-07-17 15:52","Sandeshi Nikkam","Wolters Kluwer","Product Usage Guidance","2024-07-18 15:56","Normal"
"4429","Closed","Re: INC000000334059: Logical Disk Free Space is low - The disk F: on computer azrwdnnvaw0003.jx2.com is running out of disk space","Victor RajaSingh, Shiny [Non-Kenvue]","2024-07-17 14:49","Sandeshi Nikkam","Kenvue","Product Usage Guidance","2024-08-14 13:04","Normal"
"4428","Closed","RE: [BLOCKED] RightData SAP Connection Details","Potnuru, Sonia patro [JJCUS NON-J&J]","2024-07-17 14:46","Abhiram Amaraneni","J&J","Product Usage Guidance","2024-07-18 05:28","Normal"
"4427","Closed","Tuesday GetS/4 incremental job is stuck","Dyavadi, Thanmayee [JJCUS NON-J&J]","2024-07-17 13:06","Sandeshi Nikkam","J&J","Product Usage Guidance","2024-07-17 20:02","Normal"
"4426","Closed","Wrong exceptions in FDR","Gowtham Madhavan","2024-07-16 21:44","Sandeshi Nikkam","Juniper Networks","Product Issue","2024-08-01 18:02","High"
"4425","Pending","Re: Rdt Metrics Definition","Saravanan Chellappan","2024-07-16 19:39","Sandeshi Nikkam","Juniper Networks","Product Usage Guidance","","Normal"
"4424","Closed","Go-live with Data Trust","Jayheen Patel","2024-07-15 22:00","Abhiram Amaraneni","EdenTree","Miscellaneous","2024-07-16 01:14","High"
"4423","Closed","Support for .csv.processed Files","Jason Galvin","2024-07-15 21:06","Abhiram Amaraneni","Onezero","","2024-07-16 01:16","High"
"4421","Closed","Queries limit while building Query chain for union all","Dhore, Sagar","2024-07-15 14:11","Sandeshi Nikkam","Wolters Kluwer","Customer Infra Related","2024-07-15 15:21","Normal"
"4420","Closed","RDt metrics table for Reporting Characteristics","Gowtham Madhavan","2024-07-14 21:44","Nuthan Jakkam","Juniper Networks","Product Usage Guidance","2024-07-24 09:33","High"
"4419","Closed","TDR is not working","Ambati, Likitha","2024-07-12 13:19","Sandeshi Nikkam","Wolters Kluwer","Product Usage Guidance","2024-07-15 15:07","Urgent"
"4418","Open","Is it possible to ingest data from Flink system using FlinkSQL","Robert May","2024-07-12 03:52","","Medidata","Enhancement Request","","Normal"
"4417","Pending","TDR Data Comparision Options is not working","Sushma Abburi","2024-07-12 01:46","","KinderCare","Product Issue","","High"
"4416","Closed","RDt metrics table for Query Chain","Gowtham Madhavan","2024-07-11 17:05","Nuthan Jakkam","Juniper Networks","Enhancement Request","2024-07-16 12:58","High"
"4414","Closed","Not able to access right data existing mappings.","Dhore, Sagar","2024-07-11 13:17","Nuthan Jakkam","Wolters Kluwer","Product Issue","2024-07-17 19:42","High"
"4413","Pending","Enabling Task Scheduler for Middleware and Node","Sushma Abburi","2024-07-10 22:17","","KinderCare","Customer Infra Related","","Normal"
"4412","Closed","Query Running for Extended Time and Losing Session Connection","Sushma Abburi","2024-07-10 22:08","Sandeshi Nikkam","KinderCare","Product Usage Guidance","2024-08-06 02:25","Normal"
"4411","Open","High Quality SEO Services: Increased Sales with Our Guest Post Services","Muhammad Harix","2024-07-10 16:35","","","Sales","","'-"
"4409","Open","Reporting Characteristics for TDR & BDV","Gowtham Madhavan","2024-07-10 14:56","Sandeshi Nikkam","Juniper Networks","Enhancement Request","","High"
"4408","Closed","RE: Unable to run Validation checks (Rdt v.2024-03)","Vadim Bakman","2024-07-10 01:56","Anil Kumar","UCare","Product Issue","2024-07-10 02:15","Normal"
"4407","Closed","Urgent Intervention: Migration from Entrust issued Public TLS/SSL Certificates","CertSupport, Ion","2024-07-09 22:22","Nuthan Jakkam","P&G","Customer Infra Related","2024-07-11 20:14","Normal"
"4406","Closed","Salesforce connection issue in RightData","Potnuru, Sonia patro [JJCUS NON-J&J]","2024-07-09 21:34","Sandeshi Nikkam","J&J","Product Usage Guidance","2024-07-24 15:33","Normal"
"4405","Closed","Unable to run Validation checks (Rdt v.2024-03)","suresh veerabomma","2024-07-09 21:24","Sandeshi Nikkam","UCare","","2024-07-09 21:30","'-"
"4404","Closed","Scenarios modified or deleted message","Aava Shrestha","2024-07-09 18:46","Abhiram Amaraneni","RPMI Railpen","Product Usage Guidance","2024-08-07 10:00","Normal"
"4403","Closed","Re: back up for checks","Aava Shrestha","2024-07-09 18:42","Abhiram Amaraneni","RPMI Railpen","Product Usage Guidance","2024-07-16 01:18","Normal"
"4402","Closed","Unable to access the 3 dotted button in BRV","Gowtham Madhavan","2024-07-09 15:48","Nuthan Jakkam","Juniper Networks","Product Usage Guidance","2024-07-11 18:34","Normal"
"4401","Closed","Subject: Adding Case Statements in TDR Scenario for Specific Columns","Dhore, Sagar","2024-07-09 13:09","Sandeshi Nikkam","Wolters Kluwer","Product Issue","2024-07-09 15:47","Normal"
"4400","Closed","Rightdata UI is not responding","Indla Sai Teja","2024-07-09 10:45","Nuthan Jakkam","Juniper Networks","Product Usage Guidance","2024-09-10 13:36","High"
"4399","Open","Data transformation generate pivot data columns","Robert May","2024-07-09 03:43","","Medidata","Enhancement Request","","Normal"
"4398","Closed","Unable to run Validation checks (Rdt v.2024-03)","Vadim Bakman","2024-07-08 22:34","Anil Kumar","UCare","Product Usage Guidance","2024-07-10 02:16","Normal"
"4397","Closed","Error: Connection to SQL server","Dyavadi, Thanmayee [JJCUS NON-J&J]","2024-07-08 19:53","Sandeshi Nikkam","J&J","Product Usage Guidance","2024-07-09 12:46","Normal"
"4396","Closed","RightData on-prem instance","Yan, Sean","2024-07-08 18:13","Abhiram Amaraneni","EdenTree","Product Issue","2024-07-16 02:27","Normal"
"4395","Closed","Dev SQL Server Password Reset","Indla Sai Teja","2024-07-08 15:41","Nuthan Jakkam","Juniper Networks","Product Usage Guidance","2024-07-10 16:24","Normal"
"4394","Closed","Getrightdata","Alfie Wright","2024-07-06 18:18","Sandeshi Nikkam","","Miscellaneous","2024-07-08 09:45","Low"
"4393","Open","[Enhancement] Add override variables to the FDR Parameter execute with run time params dialog","Robert May","2024-07-06 02:37","","Medidata","Enhancement Request","","Normal"
"4392","Open","[Enhancement] Add Batch Process execution override profiles and variables UI capability","Robert May","2024-07-06 02:31","","Medidata","Enhancement Request","","Normal"
"4391","Open","Batch Console Job Not Stopping on Initial Widget Failures","Sushma Abburi","2024-07-06 01:27","Sandeshi Nikkam","KinderCare","Enhancement Request","","Low"
"4390","Closed","RE: RightData workflow errors for JForce to Datahub Validation","Rajkumar, Vinodh kumar [GTSUS Non-J&J]","2024-07-05 20:12","Sandeshi Nikkam","J&J","Product Usage Guidance","2024-07-10 12:21","Normal"
"4389","Closed","Getrightdata","Isadora Clark","2024-07-05 19:43","Sandeshi Nikkam","","Miscellaneous","2024-07-05 19:48","Low"
"4388","Closed","FDR scenario issue","Victor RajaSingh, Shiny [Non-Kenvue]","2024-07-04 16:46","Nuthan Jakkam","Kenvue","Product Usage Guidance","2024-07-11 20:01","Normal"
"4387","Closed","Weekend Job Failed","Dyavadi, Thanmayee [JJCUS NON-J&J]","2024-07-03 19:52","Sandeshi Nikkam","J&J","Product Issue","2024-07-09 13:14","Normal"
"4386","Closed","critical vulnerability ( CVE-2024-6387 ) - OpenSSH software package","Saravanan Chellappan","2024-07-02 22:35","Nuthan Jakkam","Juniper Networks","Miscellaneous","2024-07-04 14:20","Urgent"
"4385","Closed","Rightdata Middleware is not running","Indla Sai Teja","2024-07-02 11:32","Nuthan Jakkam","Juniper Networks","Product Usage Guidance","2024-07-03 11:28","High"
"4384","Open","RE: Export Decimal Scale and Precision","White, Richard","2024-07-02 05:29","","EdenTree","Enhancement Request","","Normal"
"4383","Closed","Audit Log in RightData / OnPrem","Jayheen Patel","2024-07-01 20:22","Sandeshi Nikkam","EdenTree","Product Issue","2024-08-15 20:51","Normal"
"4382","Closed","Data Trust database access","Yan, Sean","2024-07-01 15:41","Abhiram Amaraneni","EdenTree","Customer Infra Related","2024-08-07 09:57","High"
"4380","Closed","Re: TDR scenario mapping sorting issues.","Dhore, Sagar","2024-06-27 22:33","Nuthan Jakkam","Wolters Kluwer","Enhancement Request","2024-07-11 19:07","High"
"4379","Pending","FDR error when [push down enabled]","Khanh Pham","2024-06-25 20:05","","KinderCare","Product Issue","","High"
"4378","Open","RightData - ""CUR"" View in Query not Recognized in FDR","Vadim Bakman","2024-06-21 20:41","","UCare","Product Issue","","Normal"
"4377","Closed","BDV Duplicate Check error","Gowtham Madhavan","2024-06-21 15:06","Sandeshi Nikkam","Juniper Networks","Product Issue","2024-07-01 19:14","High"
"4376","Closed","Batch Job executing for 12+ hours","Gowtham Madhavan","2024-06-21 12:32","Nuthan Jakkam","Juniper Networks","Product Issue","2024-07-01 19:16","Urgent"
"4375","Open","Snowflake based SQL dataset profiling fails (with 0 error messages)","Robert May","2024-06-20 21:59","","Medidata","Product Issue","","Normal"
"4374","Closed","Canceled: Monthly EdenTree <> RightData Catch Up | Enhancements and Bugs","Yan, Sean","2024-06-20 20:47","Abhiram Amaraneni","EdenTree","Miscellaneous","2024-06-20 20:51","Normal"
"4373","Closed","Re: Monthly EdenTree <> RightData Catch Up | Enhancements and Bugs","Yan, Sean","2024-06-20 19:47","Abhiram Amaraneni","EdenTree","Product Usage Guidance","2024-06-20 20:27","Normal"
"4372","Closed","RDT Connectivity to AWS S3 Bucket","Saravanan Chellappan","2024-06-20 13:27","Nuthan Jakkam","Juniper Networks","Product Usage Guidance","2024-06-26 16:20","Normal"
"4371","Closed","Rightdata is slow","M, Nagaveni [GTSIN NON-J&J]","2024-06-20 13:15","Sandeshi Nikkam","J&J","Product Issue","2024-06-24 20:25","Urgent"
"4370","Closed","Run History Error","Esta, Desiree","2024-06-20 11:15","Sandeshi Nikkam","P&G","Product Usage Guidance","2024-07-03 10:17","High"
"4369","Closed","RE: Issue for Some tables from Sundays and Tuesdays report","Dyavadi, Thanmayee [JJCUS NON-J&J]","2024-06-20 07:42","Sandeshi Nikkam","J&J","Product Usage Guidance","2024-07-11 19:57","Normal"
"4368","Closed","DT convert NULL from CSV into local db with 0s","Khanh Pham","2024-06-20 03:06","Abhiram Amaraneni","KinderCare","","2024-06-20 23:07","Urgent"
"4367","Closed","Recall: Getting error as ''There is not enough space on the disk""","M, Nagaveni [GTSIN NON-J&J]","2024-06-19 15:34","Sandeshi Nikkam","J&J","","2024-06-20 10:02","'-"
"4366","Closed","Recall: Getting error as ''There is not enough space on the disk""","M, Nagaveni [GTSIN NON-J&J]","2024-06-19 15:29","Sandeshi Nikkam","J&J","","2024-06-19 15:32","'-"
"4365","Closed","Getting error as ''There is not enough space on the disk"" in Rightdata","M, Nagaveni [GTSIN NON-J&J]","2024-06-19 15:27","Sandeshi Nikkam","J&J","","2024-06-19 15:32","'-"
"4364","Closed","Getting error as ''There is not enough space on the disk""","M, Nagaveni [GTSIN NON-J&J]","2024-06-19 15:19","Nuthan Jakkam","J&J","Product Usage Guidance","2024-06-24 20:25","Normal"
"4363","Closed","Data Trust connection issue with our Data Warehouse & Data Hub","Yan, Sean","2024-06-19 13:54","Abhiram Amaraneni","EdenTree","Customer Infra Related","2024-06-20 18:51","High"
"4362","Open","Re: Image in Custom Email","Oates, Thomas","2024-06-18 23:02","","AF Group","Product Usage Guidance","","Normal"
"4361","Closed","Clean Up Data","Joshi, Shalini","2024-06-18 21:08","Sandeshi Nikkam","IQVIA / DMD","Product Usage Guidance","2024-07-17 23:04","High"
"4360","Closed","SSO Enablement - AD integration","Bharath Chandrasekaran","2024-06-18 02:05","Anil Kumar","DHL","Customer Infra Related","2024-08-26 14:34","High"
"4359","Open","Innovative Trolley Luggage Sets from XDeal","Market","2024-06-15 04:33","","","Sales","","'-"
"4358","Closed","RE: Error Email Notification","Capuli, Kyla Isabel","2024-06-14 13:05","Sandeshi Nikkam","P&G","Customer Infra Related","2024-06-18 12:19","Normal"
"4357","Closed","FDR : Unable to compare two datasets (csv vs snowfalke) if no unique column","Shakir Kagzi","2024-06-14 00:28","Abhiram Amaraneni","Onezero","Product Usage Guidance","2024-09-10 13:11","Normal"
"4356","Open","Null value issue in Excel date fields.","Patil, Meghana (Xceedance)","2024-06-13 16:15","Sandeshi Nikkam","Berkshire Hathaway Speciality Insurance","Enhancement Request","","Low"
"4355","Open","Decimal Round off Issue","Patil, Meghana (Xceedance)","2024-06-13 16:14","","Berkshire Hathaway Speciality Insurance","Product Usage Guidance","","Low"
"4351","Closed","Getting error as ''There is not enough space on the disk""","M, Nagaveni [GTSIN NON-J&J]","2024-06-13 12:28","Nuthan Jakkam","J&J","Product Usage Guidance","2024-06-17 11:30","Normal"
"4350","Open","Drive More Traffic to Your Website","Michael Robinson","2024-06-13 10:13","","","Sales","","'-"
"4349","Closed","Migration steps of RightData platform","George Marques","2024-06-12 23:08","Abhiram Amaraneni","KinderCare","Customer Infra Related","2024-09-10 18:56","Normal"
"4348","Closed","Right Data connection issue","Ranjan Das, Dibya","2024-06-12 21:57","Nuthan Jakkam","Wolters Kluwer","Product Usage Guidance","2024-06-13 14:39","Low"
"4347","Closed","Duplicating records in Data Trust","Yan, Sean","2024-06-12 20:29","Sandeshi Nikkam","EdenTree","Product Usage Guidance","2024-07-16 02:29","Normal"
"4346","Closed","[HELP NEEDEED] Update Services File for HAR Connection","Esta, Desiree","2024-06-11 13:44","Nuthan Jakkam","P&G","Customer Infra Related","2024-06-12 07:48","Normal"
"4345","Open","Automating the Refresh Process in PBI Reports to Eliminate Manual Effort","Sushma Abburi","2024-06-10 23:11","","KinderCare","Product Usage Guidance","","High"
"4344","Open","Add more details to Slack integration Batch Process execution message","Robert May","2024-06-10 21:43","","Medidata","Enhancement Request","","Normal"
"4343","Open","Add more details to Slack integration Scenario execution message","Robert May","2024-06-10 21:41","","Medidata","Enhancement Request","","Normal"
"4342","Open","Add more details to Slack integration FDR execution message","Robert May","2024-06-10 21:03","","Medidata","Enhancement Request","","Normal"
"4341","Pending","Pushdown option for Snowflake based dataset Validation scenarios","Robert May","2024-06-10 20:11","","Medidata","Product Usage Guidance","","Normal"
"4340","Open","High Quality Websites For Guest Post","Michelle Lenard","2024-06-10 12:29","","","Sales","","'-"
"4339","Closed","RE: RightData-dev.pg.com Certificate","Capuli, Kyla Isabel","2024-06-10 10:18","Nuthan Jakkam","P&G","Install / Upgrade","2024-06-12 07:48","Normal"
"4338","Closed","Batch job error","Gowtham Madhavan","2024-06-09 22:20","Nuthan Jakkam","Juniper Networks","Product Issue","2024-08-08 19:17","High"
"4337","Closed","[Action Required] Certificate installation failed for RightData-dev.pg.com on right-data-zw01","Venafi Im","2024-06-09 05:58","Sandeshi Nikkam","P&G","Install / Upgrade","2024-06-10 12:40","Normal"
"4335","Closed","FW: Failed: 'COB-KTI_ProdData_JUN2024_1-6_Diameter2'","Jchebbani","2024-06-08 04:01","Sandeshi Nikkam","Diameter Services","Product Issue","2024-07-05 14:33","Normal"
"4334","Closed","HGP_SKAT Data Discrepancy","Esta, Desiree","2024-06-07 14:27","Sandeshi Nikkam","P&G","Product Usage Guidance","2024-06-18 12:20","Normal"
"4333","Closed","RE: HGP_AUFK_2 Filter Issue","Capuli, Kyla Isabel","2024-06-07 11:59","Sandeshi Nikkam","P&G","Product Issue","2024-07-04 12:52","Normal"
"4332","Closed","Failed Weekly Batch Jobs","Capuli, Kyla Isabel","2024-06-07 11:03","Sandeshi Nikkam","P&G","Internal Analysis","2024-08-12 11:00","High"
"4331","Closed","Failed Table Refresh Notification for June 6 Run","Capuli, Kyla Isabel","2024-06-07 10:41","Sandeshi Nikkam","P&G","Internal Analysis","2024-06-10 05:19","Normal"
"4330","Pending","RE: Second Pass Test: Complex filter issue","Pogul, Chandraja [JJCUS NON-J&J]","2024-06-06 20:37","Sandeshi Nikkam","J&J","Product Issue","","Normal"
"4329","Closed","Re: RightData - Data Trust","Yan, Sean","2024-06-05 19:42","Abhiram Amaraneni","EdenTree","Product Issue","2024-06-11 09:26","Normal"
"4328","Closed","TDR unable to compare NULLs stored in RD Datastore","Khanh Pham","2024-06-05 19:34","Sandeshi Nikkam","KinderCare","Product Usage Guidance","2024-07-08 10:23","High"
"4327","Pending","TDR column mapping in AWS source","Khanh Pham","2024-06-05 19:08","Sandeshi Nikkam","KinderCare","Product Issue","","Normal"
"4326","Closed","RE: FDR's are not working as expected","Ranjan Das, Dibya","2024-06-05 12:48","Sandeshi Nikkam","Wolters Kluwer","Product Issue","2024-06-06 13:15","High"
"4325","Closed","Unhandled middleware communication error","Gowtham Madhavan","2024-06-04 21:31","Nuthan Jakkam","Juniper Networks","Product Usage Guidance","2024-06-06 09:27","High"
"4324","Closed","Re: RightData // Edentree - Cloud Instance Issues","Yan, Sean","2024-06-04 20:21","Abhiram Amaraneni","EdenTree","Internal Analysis","2024-06-11 09:26","Normal"
"4323","Closed","CSV import does not recognize field type overide","Robert May","2024-06-01 03:02","Sandeshi Nikkam","Medidata","Product Usage Guidance","2024-06-08 00:06","Normal"
"4322","Closed","Query Chain dataset ingestion does not consistently attach excel file to email notification","Robert May","2024-06-01 02:44","Sandeshi Nikkam","Medidata","Product Issue","2024-09-12 10:42","Normal"
"4319","Closed","Re: Environment: in Emails","Oates, Thomas","2024-05-30 21:16","Sandeshi Nikkam","AF Group","Internal Analysis","2024-05-31 20:05","Normal"
"4318","Closed","Re: Batch Email Links","Abhiram Amaraneni","2024-05-30 19:38","Abhiram Amaraneni","RightData","Product Usage Guidance","2024-05-31 00:45","Normal"
"4312","Closed","Right Data connection issue","Ranjan Das, Dibya","2024-05-30 11:20","Sandeshi Nikkam","Wolters Kluwer","Product Issue","2024-05-30 12:35","Normal"
"4311","Closed","QC runs are failing","Anil Kumar","2024-05-30 07:32","Anil Kumar","RightData","Product Usage Guidance","2024-05-31 00:31","Normal"
"4310","Closed","Unable to Read JsonL Files","Ricardo Dorancy","2024-05-29 18:48","Sandeshi Nikkam","Onezero","Enhancement Request","2024-07-25 14:35","Normal"
"4309","Closed","RE: Request for scheduling call with support engineer","Dyavadi, Thanmayee [JJCUS NON-J&J]","2024-05-28 17:30","Sandeshi Nikkam","J&J","","2024-05-28 18:40","'-"
"4308","Closed","RightData-dev.pg.com Certificate","Capuli, Kyla Isabel","2024-05-27 09:33","Sandeshi Nikkam","P&G","","2024-05-27 09:50","'-"
"4307","Closed","[Action Required] Certificate installation failed for RightData-dev.pg.com on right-data-zw01","Venafi Im","2024-05-26 05:31","Sandeshi Nikkam","P&G","","2024-05-27 09:50","'-"
"4306","Closed","[Action Required] Certificate installation succeeded for RightData-dev.pg.com on right-data-zw01","Venafi Im","2024-05-26 05:31","Sandeshi Nikkam","P&G","","2024-05-27 09:50","'-"
"4305","Closed","Re: Auto Generate FDR Scenarios","Oates, Thomas","2024-05-24 18:06","Sandeshi Nikkam","AF Group","Product Usage Guidance","2024-06-06 09:07","Normal"
"4304","Open","Excel Import Issue - Data type issue for date fields.","D, Venkataramareddy (Xceedance)","2024-05-24 10:56","","Berkshire Hathaway Speciality Insurance","Product Issue","","Low"
"4303","Closed","Re: RE: Request received: RDT- Service now Integration","Saravanan Chellappan","2024-05-24 08:51","Nuthan Jakkam","Juniper Networks","Enhancement Request","2024-07-17 19:54","Normal"
"4302","Closed","Issue with Large Column Queries in RDT Tool","Sushma Abburi","2024-05-23 02:21","Abhiram Amaraneni","KinderCare","Product Usage Guidance","2024-05-23 03:39","High"
"4301","Closed","Daily Jobs Schedule Adjustment","Esta, Desiree","2024-05-22 19:44","Nuthan Jakkam","P&G","Customer Infra Related","2024-05-27 11:47","Normal"
"4300","Closed","Not able to execute query successfully","M, Nagaveni [GTSIN NON-J&J]","2024-05-22 15:20","Nuthan Jakkam","J&J","Product Usage Guidance","2024-05-22 21:28","Urgent"
"4299","Closed","Re: Remote Shared Drive File Type","Jason Galvin","2024-05-22 01:18","Nuthan Jakkam","Onezero","Enhancement Request","2024-07-25 22:47","Normal"
"4298","Closed","Request for Pre-requisites to Connect to Workday from RDT Tool","Sushma Abburi","2024-05-22 01:00","Sandeshi Nikkam","KinderCare","Internal Analysis","2024-08-07 10:39","Normal"
"4297","Closed","SFTP connection failed on Query Chain - more info required","Skepper, Hugh","2024-05-21 14:48","Abhiram Amaraneni","EdenTree","Customer Infra Related","2024-06-11 12:11","High"
"4296","Closed","Rightdata Not Working","Sarkar, Soumi [JANIN NON-J&J]","2024-05-21 12:33","Sandeshi Nikkam","J&J","Customer Infra Related","2024-05-23 08:57","Urgent"
"4295","Closed","Re: Lost Validation Widget - Help Needed","Vadim Bakman","2024-05-21 01:50","Anil Kumar","UCare","Product Usage Guidance","2024-06-06 08:51","Low"
"4294","Closed","Rightdata URL not working","Victor RajaSingh, Shiny [Non-Kenvue]","2024-05-18 09:09","Sandeshi Nikkam","","Customer Infra Related","2024-05-30 18:27","Normal"
"4293","Closed","Re: RightData version tracking feature","Ranjan Das, Dibya","2024-05-17 20:05","Abhiram Amaraneni","Wolters Kluwer","Enhancement Request","2024-07-18 14:40","Normal"
"4292","Closed","RD upgrade","suresh veerabomma","2024-05-17 19:30","Sandeshi Nikkam","UCare","Product Issue","2024-05-20 10:37","'-"
"4290","Closed","Data are not loaded from Power BI after connection established in DataTrust","Ashwinkumar Balak (DHLeC), external","2024-05-17 13:47","","DHL","Customer Infra Related","2024-06-03 18:16","Urgent"
"4289","Closed","Issue with PBI - Measure Names Not Detected Properly","Sushma Abburi","2024-05-17 12:06","Sandeshi Nikkam","KinderCare","Product Issue","2024-05-22 00:50","Normal"
"4287","Closed","Issues with Slack Notifications","Sushma Abburi","2024-05-16 06:38","Sandeshi Nikkam","KinderCare","Product Issue","2024-06-11 01:50","Low"
"4286","Closed","Issue with Meta Data in RDT","Sushma Abburi","2024-05-16 06:25","Abhiram Amaraneni","KinderCare","Product Issue","2024-05-22 01:15","Low"
"4285","Closed","Inquiry Regarding Automated ETL Triggering in RDT","Sushma Abburi","2024-05-16 06:13","Anil Kumar","KinderCare","Product Usage Guidance","2024-05-17 20:56","Low"
"4284","Closed","Inquiry Regarding PBI Data sets Support in RDT","Sushma Abburi","2024-05-16 05:53","Nuthan Jakkam","KinderCare","Product Issue","2024-06-07 09:16","Low"
"4283","Closed","Password Encryption","Sushma Abburi","2024-05-16 03:01","Sandeshi Nikkam","KinderCare","Product Issue","2024-05-22 05:09","Normal"
"4282","Closed","Suggestion on Performing Negative Tests in Data Lake","Sushma Abburi","2024-05-16 02:39","Sandeshi Nikkam","KinderCare","Enhancement Request","2024-06-19 11:51","High"
"4281","Closed","API - while executing generated API url it gives an error","Joshi, Shalini","2024-05-15 20:23","Sandeshi Nikkam","IQVIA / DMD","Product Usage Guidance","2024-06-07 09:12","Normal"
"4280","Closed","Snowflake data ingestion SQL with { } characters is being translated incorrectly","Robert May","2024-05-15 20:04","Sandeshi Nikkam","Medidata","Product Issue","2024-09-12 10:41","Normal"
"4279","Closed","RE: Sensitive(PII) Column access via ETL tool","Ranjan Das, Dibya","2024-05-15 16:10","Nuthan Jakkam","Wolters Kluwer","Product Issue","2024-06-03 09:01","Normal"
"4278","Closed","BDV Unable to capture Duplicates","Gowtham Madhavan","2024-05-15 14:51","Nuthan Jakkam","Juniper Networks","Product Issue","2024-06-11 06:20","High"
"4276","Closed","Re: Diameter - Incomplete Scenarios","Jchebbani","2024-05-15 05:26","Anil Kumar","Diameter Services","Customer Infra Related","2024-06-03 09:18","Normal"
"4273","Closed","SFDC connection not working","Sarkar, Soumi [JANIN NON-J&J]","2024-05-14 13:05","Abhiram Amaraneni","J&J","Product Issue","2024-05-21 12:27","Normal"
"4268","Open","Emails are not sent out","Joshi, Shalini","2024-05-13 23:52","","IQVIA / DMD","Product Usage Guidance","","High"
"4267","Open","RD upgrade","suresh veerabomma","2024-05-13 22:17","","UCare","Product Issue","","Normal"
"4266","Closed","FDR workflows are running for long time","Sahite, Sonali [JJCUS NON-J&J]","2024-05-13 17:04","Nuthan Jakkam","J&J","Customer Infra Related","2024-06-05 05:27","Normal"
"4262","Closed","HGY_AGR_USERS Data Ingestion Issue","Esta, Desiree","2024-05-09 21:05","Sandeshi Nikkam","P&G","Product Issue","2024-07-03 15:43","Normal"
"4261","Open","MFA Support","Nate Good","2024-05-09 20:13","","PACE Claims","","","Normal"
"4260","Closed","BDV Exceptions count in Email and Execution history do not match","Gowtham Madhavan","2024-05-09 15:19","Sandeshi Nikkam","Juniper Networks","Product Issue","2024-07-01 19:14","High"
"4258","Closed","137.182.161.197 - azw-rdpr-01.int.pg.com - Inappropriately sending emails using TLSv1 Notification","Capuli, Kyla Isabel","2024-05-09 13:17","Nuthan Jakkam","P&G","Customer Infra Related","2024-06-04 09:18","Normal"
"4254","Closed","Remote CSV File Not Found","Jason Galvin","2024-05-08 23:09","Abhiram Amaraneni","Onezero","Internal Analysis","2024-05-21 06:47","Normal"
"4252","Closed","Silver Layer Job Update","Nate Good","2024-05-08 19:34","Satish","PACE Claims","Product Issue","2024-08-15 01:24","High"
"4250","Closed","Data Trust timing issue","Yan, Sean","2024-05-08 14:19","Abhiram Amaraneni","EdenTree","Internal Analysis","2024-05-21 07:51","Normal"
"4247","Open","RE: Cosmos DB connectivity for RD","suresh veerabomma","2024-05-07 22:48","","UCare","Customer Infra Related","","Normal"
"4245","Closed","RightData on-prem jobs","Yan, Sean","2024-05-07 18:03","Abhiram Amaraneni","EdenTree","Internal Analysis","2024-05-21 07:53","Normal"
"4242","Closed","CSV local file import fails over a certain number of columns","Robert May","2024-05-06 06:25","Abhiram Amaraneni","Medidata","Product Issue","2024-05-21 06:47","High"
"4241","Closed","Batch process editing UI is not functional 2023.09 Build 19","Robert May","2024-05-03 22:03","Sandeshi Nikkam","Medidata","Product Issue","2024-05-20 23:15","High"
"4240","Closed","XSLX local file import does not show sheet name after the query has been created","Robert May","2024-05-03 20:15","Abhiram Amaraneni","Medidata","Product Issue","2024-05-21 06:47","Normal"
"4239","Closed","RE: Google BigQuery connection error in RD","Sarkar, Soumi [JANIN NON-J&J]","2024-05-02 20:36","Sandeshi Nikkam","J&J","Product Issue","2024-06-07 09:40","Normal"
"4235","Closed","[PLACEHOLDER] Asia SCPT C-Apps - Phase 1 Readiness - DEMS / (FMDS / MADS)","Capuli, Kyla Isabel","2024-05-02 11:21","Abhiram Amaraneni","P&G","Internal Analysis","2024-05-21 08:22","Normal"
"4229","Closed","Re: Service now widget disabled","Saravanan Chellappan","2024-04-30 21:11","Sandeshi Nikkam","Juniper Networks","Product Issue","2024-06-10 15:01","High"
"4228","Closed","Exceptions download link unavailable for few scenarios in batch jobs.","Gowtham Madhavan","2024-04-30 14:16","Sandeshi Nikkam","Juniper Networks","Product Issue","2024-06-19 12:00","High"
"4223","Closed","All jobs failing to run (scheduled or ad hoc)","Nate Good","2024-04-29 22:24","Satish","PACE Claims","Product Issue","2024-08-15 01:23","High"
"4222","Closed","FW: Failed: 'COB-KTI_ProdData_AprilCompiledData_Diameter2'","Jchebbani","2024-04-29 20:34","Abhiram Amaraneni","Diameter Services","Product Usage Guidance","2024-05-21 08:12","Normal"
"4220","Closed","RD: FDR scenario execution issue in CC2.0","Dyavadi, Thanmayee [JJCUS NON-J&J]","2024-04-29 13:39","Nuthan Jakkam","J&J","Product Usage Guidance","2024-06-05 05:26","Normal"
"4213","Closed","Incorrect Email Subject Displayed for Successful Batch Job Workflows","Sushma Abburi","2024-04-27 09:23","Nuthan Jakkam","KinderCare","Product Issue","2024-07-02 21:23","Low"
"4211","Open","Remote query SQL string execution log entry is missing for Snowflake database ingestion","Robert May","2024-04-26 23:44","","Medidata","Product Issue","","Normal"
"4205","Open","Tell me about what yall do","Josh","2024-04-26 12:36","","","Sales","","Low"
"4204","Closed","Data Trust Issues","Yan, Sean","2024-04-25 17:41","Abhiram Amaraneni","EdenTree","Product Issue","2024-05-21 07:49","Normal"
"4200","Closed","Data Trust batch jobs timing issues","Yan, Sean","2024-04-25 13:14","Abhiram Amaraneni","EdenTree","Internal Analysis","2024-05-21 07:49","Normal"
"4195","Closed","Data Trust batch jobs","Yan, Sean","2024-04-24 22:59","Abhiram Amaraneni","EdenTree","Product Issue","2024-05-21 07:51","Normal"
"4193","Open","Data Trust Feature Request | Selected Sum, Count and Average Summary visible on UI","Jayheen Patel","2024-04-24 16:22","","EdenTree","Enhancement Request","","Normal"
"4179","Open","Data Trust Feature Request | Ability to Name Source and Target","Jayheen Patel","2024-04-23 18:36","","EdenTree","Enhancement Request","","Normal"
"4177","Closed","Edentree-licence is expiring soon in 7 days","Yan, Sean","2024-04-23 17:36","Abhiram Amaraneni","EdenTree","Install / Upgrade","2024-05-21 07:48","Normal"
"4163","Closed","RITM1613636: RightData-dev.pg.com Certificate Ready to Download","Venafi Im","2024-04-21 08:30","Abhiram Amaraneni","P&G","Install / Upgrade","2024-06-01 02:29","Normal"
"4154","Closed","Get value from one Rest API responds and feed into another API","Khanh Pham","2024-04-19 01:56","Sandeshi Nikkam","KinderCare","Product Issue","2024-05-23 03:24","High"
"4151","Closed","Data Trust Performance Monitoring","Jayheen Patel","2024-04-18 17:42","Abhiram Amaraneni","EdenTree","Product Usage Guidance","2024-07-24 10:56","Normal"
"4145","Closed","Data Trust_Connectivity issue with TERADATA","Dipalidilip Jagtap (DHL eCS), external","2024-04-18 12:20","Abhiram Amaraneni","DHL","Product Usage Guidance","2024-05-21 08:08","High"
"4119","Closed","RDT - CPU & Memory Utilisation","Saravanan Chellappan","2024-04-12 18:53","Nuthan Jakkam","Juniper Networks","Enhancement Request","2024-09-10 13:35","Normal"
"4111","Closed","Issue with Execution of Workflow","Sushma Abburi","2024-04-11 05:21","Nuthan Jakkam","KinderCare","Product Issue","2024-07-02 21:22","Urgent"
"4100","Closed","CSV Records are not loaded in FDR Scenario validation.","Ashwinkumar Balak (DHLeC), external","2024-04-08 19:47","Sandeshi Nikkam","DHL","Product Issue","2024-06-10 09:14","Urgent"
"4095","Closed","SQL server connection issue in Right Data","S, Pavithra [JJCUS NON-J&J]","2024-04-08 13:31","Anil Kumar","J&J","Product Issue","2024-06-05 05:26","Normal"
"4090","Closed","Add IP restriction:","Nate Good","2024-04-05 21:03","Srinivas Arroju","PACE Claims","Customer Infra Related","2024-08-15 01:24","Normal"
"4088","Closed","SQL Error in FDR","Kumar, Ashwani [Non-Kenvue]","2024-04-05 17:10","Nuthan Jakkam","Kenvue","Product Usage Guidance","2024-05-20 10:58","Normal"
"4086","Open","RE: KinderCare - Connect(Date format)","Sushma Abburi","2024-04-05 16:01","Nuthan Jakkam","KinderCare","Product Issue","","Low"
"4082","Open","Email not populating source & target counts","Machiraju, Rekha S","2024-04-05 01:17","","Mercy","Product Issue","","Normal"
"4063","Closed","The download link shows 'NA' in the BDV exception email","Gowtham Madhavan","2024-04-02 16:33","Nuthan Jakkam","Juniper Networks","Enhancement Request","2024-08-22 10:17","Normal"
"4042","Closed","Bulk Data Validation scenario execution results get an error when the download button is clicked","Robert May","2024-03-30 02:35","Sandeshi Nikkam","Medidata","Product Issue","2024-05-24 19:01","Normal"
"4034","Open","Unable to create a delta lake table due to invalid file.","Nate Good","2024-03-29 08:30","Satish","PACE Claims","","","Low"
"4033","Open","Scenario based on S3 Apache Drill dataset fails to execution with IllegalArgumentException","Robert May","2024-03-29 01:44","Sandeshi Nikkam","Medidata","Product Issue","","Normal"
"4031","Open","For FDR or Validation custom SQL widget Apache Drill is no longer in the Database Type drop down","Robert May","2024-03-28 22:51","","Medidata","Enhancement Request","","Normal"
"4015","Closed","Symbol Appearing Instead of £","White, Richard","2024-03-26 18:48","Abhiram Amaraneni","EdenTree","Customer Infra Related","2024-06-01 02:40","Normal"
"4012","Closed","RE: RightData version tracking feature","Vikaram, Jayu","2024-03-26 13:48","Sandeshi Nikkam","Wolters Kluwer","Enhancement Request","2024-05-22 23:28","Normal"
"3973","Open","Audit Log for UI Changes","Jayheen Patel","2024-03-20 17:28","","EdenTree","Enhancement Request","","Normal"
"3963","Closed","Batch jobs not executing as per the schedule","Gowtham Madhavan","2024-03-19 15:45","Nuthan Jakkam","Juniper Networks","Product Issue","2024-05-20 10:35","High"
"3920","Open","SSRS Report not working.","Sushma Abburi","2024-03-14 23:35","","KinderCare","Product Issue","","High"
"3901","Closed","Snowflake packetized data ingestion does not apply the correct packetize by field when ingesting data","Robert May","2024-03-13 04:01","Abhiram Amaraneni","Medidata","Product Issue","2024-05-23 05:13","High"
"3899","Closed","Select All option in batch doesn't work","Richie Gulati","2024-03-13 00:21","Sandeshi Nikkam","Medidata","Enhancement Request","2024-06-11 09:38","High"
"3891","Closed","Status of errored out jobs.","Saravanan Chellappan","2024-03-12 09:54","Sandeshi Nikkam","Juniper Networks","Enhancement Request","2024-07-17 19:54","Normal"
"3864","Closed","tsv file upload from local is throwing error","Richie Gulati","2024-03-08 05:09","Sandeshi Nikkam","Medidata","Product Issue","2024-05-30 01:16","High"
"3846","Closed","Validation Rule Description allows only 50 characters","Shakir Kagzi","2024-03-07 02:10","Sandeshi Nikkam","Onezero","Product Issue","2024-07-16 08:08","Normal"
"3836","Closed","Rdt Metrics Definition","Saravanan Chellappan","2024-03-06 12:54","Sandeshi Nikkam","Juniper Networks","Product Usage Guidance","2024-07-10 16:35","High"
"3676","Closed","Error generated for Snowflake ingestion: One or more values is out of range of values for the decimal SQL Server data type.","Robert May","2024-01-18 03:43","Abhiram Amaraneni","Medidata","Product Issue","2024-05-23 05:13","High"
"3642","Open","Autogenerate FDR mapping sometimes mismatches a field mapping value","Robert May","2024-01-09 21:18","Sandeshi Nikkam","Medidata","Product Issue","","Low"
"3629","Closed","FDR pushdown scenario generates sql exception with Snowflake possible case sensitivity issue","Robert May","2024-01-05 22:54","Sandeshi Nikkam","Medidata","Product Issue","2024-05-30 01:16","Normal"
"3609","Open","Add Packetized by column to Auto generate FDR spreadsheets","Robert May","2023-12-30 02:51","Nuthan Jakkam","Medidata","Enhancement Request","","Normal"
"3596","Open","Jira Integration Issue","Richie Gulati","2023-12-18 22:24","","Medidata","Product Issue","","Normal"
"3588","Open","Report Dates Format","Oates, Thomas","2023-12-15 01:30","","AF Group","Enhancement Request","","Normal"
"3583","Open","Admin page Restart Middleware fails to execute","Robert May","2023-12-14 04:18","","Medidata","Product Issue","","Normal"
"3574","Open","Bulk Validation DB List not in Alpha Order","Oates, Thomas","2023-12-12 23:38","","AF Group","Enhancement Request","","Normal"
"3525","Closed","Re: RightData // EY - Build Update","Agileswaran Palani","2023-11-23 00:04","Abhiram Amaraneni","Ernst & Young","Product Issue","2024-07-12 17:31","Normal"
"3474","Open","Add Exception Result Snapshot Limit option to the Autogenerate spreadsheet","Robert May","2023-11-02 03:10","Sandeshi Nikkam","Medidata","Enhancement Request","","Low"
"3466","Open","Select email priority based on condition","Duane Birnbaum","2023-10-30 18:33","Nuthan Jakkam","AF Group","Enhancement Request","","Low"
"3384","Open","Data quality metrics reports issues","Saravanan Chellappan","2023-10-10 09:31","Sandeshi Nikkam","Juniper Networks","Product Issue","","Low"
"3242","Closed","How to explore the Tool, Please explain the proces...","Kumara Swamy","2023-09-10 11:57","Nuthan Jakkam","","Sales","2024-07-11 20:02","Low"
"3227","Open","Auto-generate FDR: new feature if you don't click on validate, and directly click on proceed to create is not working","Richie Gulati","2023-09-05 19:19","Sandeshi Nikkam","Medidata","Enhancement Request","","Normal"
"3215","Closed","RD enhancement request. Parse and deliver sql tabular formatted dateset for JSON based S3 files","Robert May","2023-08-30 00:42","Abhiram Amaraneni","Medidata","Enhancement Request","2024-08-13 22:53","Normal"
"3163","Open","Security Concern - profile modifications.","Xourias, Bill (CTR)","2023-08-11 21:05","","OPM","Enhancement Request","","Normal"
"3122","Open","Re: RightData connection creation(CRM)","Sasikanth Chunduri","2023-07-25 22:11","Sandeshi Nikkam","UCare","Enhancement Request","","Normal"
"2997","Open","An Admin view for Folder-Level security","Oates, Thomas","2023-06-07 01:57","Nuthan Jakkam","AF Group","Enhancement Request","","Low"
"2940","Open","Scripted Content Management","Oates, Thomas","2023-05-23 23:52","Abhiram Amaraneni","AF Group","Enhancement Request","","Normal"
"2939","Open","Enhancement Request - Scenario Diff Tool","Oates, Thomas","2023-05-23 23:49","Nuthan Jakkam","AF Group","Enhancement Request","","Normal"
"2665","Open","Feature Request - Custom Naming of Results Tabs UI","Jayheen Patel","2023-02-23 15:31","","EdenTree","Enhancement Request","","Normal"
"2636","Closed","Re: RDt - UCare : working on RDT Features","Vadim Bakman","2023-02-16 03:26","Nuthan Jakkam","UCare","Enhancement Request","2024-07-18 14:09","Normal"
"2502","Closed","Edentree Enhancement Requests","Jayheen Patel","2023-01-17 16:26","Sandeshi Nikkam","EdenTree","Product Issue","2024-07-02 21:49","Normal"
"2283","Closed","RE: Observations in Right Data","S, Pavithra [JJCUS NON-J&J]","2022-11-28 17:53","Abhiram Amaraneni","J&J","Product Usage Guidance","2023-01-17 22:10","Normal"
"2179","Closed","DATE / DATETIME CSV Load Issue","Jayheen Patel","2022-11-16 22:58","Abhiram Amaraneni","EdenTree","Enhancement Request","2024-05-21 07:56","Normal"
