"ID","Status","Ticket status","Subject","Requester","Requested","Assignee","Organization","Ticket Type","Solved","Priority","Updated"
"4713","Solved","10232872","Re: Re: RDt metrics table for Query Chain","Gowtham Madhavan","2024-09-25 18:12","Sandeshi Nikkam","Juniper Networks","Product Usage Guidance","2024-09-27 12:12","High","2024-09-27 12:12"
"4711","Solved","10232872","RightData access for PROS - Krishn mohan Satapathi","Sarkar, Soumi [JANIN NON-J&J]","2024-09-25 12:23","Sandeshi Nikkam","J&J","Product Usage Guidance","2024-09-25 18:30","Normal","2024-09-25 18:30"
"4707","Solved","10232872","Re: Request received: Re: RDt metrics table for Query Chain","Gowtham Madhavan","2024-09-24 13:32","Sandeshi Nikkam","Juniper Networks","Product Issue","2024-09-24 13:55","Normal","2024-09-24 13:55"
"4704","Open","10232812","FDRs and FDR batch jobs taking too long to finish execution","Gowtham Madhavan","2024-09-23 22:13","Nuthan Jakkam","Juniper Networks","Product Issue","","High","2024-09-27 11:38"
"4703","Open","10232812","TDR table error","Gowtham Madhavan","2024-09-23 21:10","Sandeshi Nikkam","Juniper Networks","Product Usage Guidance","","High","2024-09-27 10:09"
"4701","Open","10232812","Re: DataTrust Web Server Restoration - AD Config and SSO","Oates, Thomas","2024-09-21 01:24","Anil Kumar","AF Group","Customer Infra Related","","Normal","2024-09-23 09:55"
"4695","Open","10232812","Unable to Store the FDR version in the GIT HUB","Ranjan Das, Dibya","2024-09-19 20:47","Nuthan Jakkam","Wolters Kluwer","Product Usage Guidance","","Normal","2024-09-24 15:13"
"4694","Closed","10232872","Recall: [RightData][SAP to Cloud Migration - Latin America-L7P] Non-SAP Application","Capuli, Kyla Isabel","2024-09-19 17:37","Sandeshi Nikkam","P&G","","2024-09-19 17:42","'-","2024-09-19 17:42"
"4693","Closed","10232872","Fw: GDDIS RD POC status","Kumar Y, Shoban [GTSUS]","2024-09-19 00:16","Nuthan Jakkam","J&J","Product Usage Guidance","2024-09-20 15:03","Normal","2024-09-24 15:31"
"4692","Closed","10232872","Error on Batch Job on RightData","White, Richard","2024-09-18 21:45","","EdenTree","","2024-09-19 20:33","Normal","2024-09-23 21:32"
"4689","Closed","10232872","Urgent Intervention: Migration from Entrust issued Public TLS/SSL Certificates – Update 3","CertSupport, Ion","2024-09-18 15:17","Nuthan Jakkam","P&G","","2024-09-18 15:53","'-","2024-09-18 15:53"
"4688","Open","10232812","RE: [RightData][SAP to Cloud Migration - Latin America-L7P] Non-SAP Application","Capuli, Kyla Isabel","2024-09-18 10:56","","P&G","Product Usage Guidance","","High","2024-09-24 19:35"
"4687","Open","10232812","Test case corruption","Khanh Pham","2024-09-17 19:49","Abhiram Amaraneni","KinderCare","Product Usage Guidance","","High","2024-09-20 13:37"
"4685","Pending","10232832","Re: RightData product performance","Lakshmi Banerjee","2024-09-17 01:48","Nuthan Jakkam","ServiceNow","Product Issue","","High","2024-09-27 10:47"
"4684","Open","10232812","TDR - incorrected mapped object name from upload","Khanh Pham","2024-09-16 21:37","Sandeshi Nikkam","KinderCare","Product Issue","","Normal","2024-09-20 13:25"
"4683","Open","10232812","CRM SO - FDR - RDT False reporting in exceptions","Saravanan Chellappan","2024-09-16 16:25","Nuthan Jakkam","Juniper Networks","Product Issue","","High","2024-09-27 14:24"
"4682","Pending","10232832","ServiceNow- :In Pivot widget, Copy & Paste field names with space is put into new each word as new field.","Vineet Maheshwari","2024-09-16 10:25","Nuthan Jakkam","ServiceNow","Product Issue","","Normal","2024-09-25 10:20"
"4681","Open","10232812","Servicenow-list of tables not fetching in Navigator and Search table functionality not working.","Vineet Maheshwari","2024-09-16 10:05","Sandeshi Nikkam","ServiceNow","Product Issue","","Normal","2024-09-26 10:24"
"4680","Open","10232812","Batch process global variables substitution does not work in SQL query global variables","Robert May","2024-09-13 21:08","Abhiram Amaraneni","Medidata","Product Usage Guidance","","Normal","2024-09-19 10:32"
"4677","Open","10232812","FDR - Push down function give error","Khanh Pham","2024-09-13 01:49","Sandeshi Nikkam","KinderCare","Product Issue","","Normal","2024-09-26 19:37"
"4676","Open","10232812","SQL Open Connections","Richard Lowe","2024-09-12 21:17","Abhiram Amaraneni","RPMI Railpen","Product Usage Guidance","","Normal","2024-09-27 10:52"
"4674","Closed","10232872","Error Encountered During MySQL Query Execution in DIP Project","Kallem, Harika [JJCUS NON-J&J]","2024-09-12 17:00","Abhiram Amaraneni","J&J","Product Usage Guidance","2024-09-20 15:02","Normal","2024-09-24 15:31"
"4673","Open","10232812","Batch job is not saved after edit","Khanh Pham","2024-09-12 02:11","Nuthan Jakkam","KinderCare","Product Usage Guidance","","High","2024-09-20 13:46"
"4671","Open","10232812","Jobs stuck on running status","Aava Shrestha","2024-09-11 19:52","Abhiram Amaraneni","RPMI Railpen","Product Usage Guidance","","Normal","2024-09-27 10:52"
"4670","Open","10232812","Unable to Stop Execution","Shakir Kagzi","2024-09-11 02:48","Abhiram Amaraneni","Onezero","Product Usage Guidance","","High","2024-09-18 18:53"
"4669","Closed","10232872","RE: AWS Users List - 2024","Mila Lee","2024-09-11 01:03","Nuthan Jakkam","","Sales","2024-09-11 11:48","Low","2024-09-15 12:31"
"4666","Solved","10232872","SNOW-RDT Integration - Incident creation","Saravanan Chellappan","2024-09-10 14:16","Nuthan Jakkam","Juniper Networks","Enhancement Request","2024-09-27 14:43","Normal","2024-09-27 14:43"
"4663","Open","10232812","Existing test case show breaking links","Khanh Pham","2024-09-07 00:22","Nuthan Jakkam","KinderCare","Product Usage Guidance","","Normal","2024-09-20 13:37"
"4662","Closed","10232872","Compilation Error in custom function","Khanh Pham","2024-09-06 21:15","Sandeshi Nikkam","KinderCare","Product Issue","2024-09-17 02:01","Normal","2024-09-21 02:31"
"4660","Pending","10232832","TLS/SSL Certificate","Capuli, Kyla Isabel","2024-09-06 17:46","Nuthan Jakkam","P&G","License Related","","Normal","2024-09-18 15:53"
"4659","Open","10232812","Data Trust being very slow","Yan, Sean","2024-09-06 17:44","Abhiram Amaraneni","EdenTree","Product Usage Guidance","","High","2024-09-12 15:11"
"4658","Closed","10232872","Issue with RightData View","Vadim Bakman","2024-09-06 00:26","Nuthan Jakkam","UCare","Product Usage Guidance","2024-09-13 20:37","Normal","2024-09-17 21:31"
"4657","Closed","10232872","Migration from Entrust issued Public TLS/SSL Certificates – Informational Meeting 1","CertSupport, Ion","2024-09-05 18:31","Sandeshi Nikkam","P&G","Customer Infra Related","2024-09-06 10:27","Normal","2024-09-10 10:31"
"4656","Closed","10232872","Naming convention for email attachment","Aava Shrestha","2024-09-05 14:24","Abhiram Amaraneni","RPMI Railpen","Enhancement Request","2024-09-20 17:21","Normal","2024-09-24 17:31"
"4654","Closed","10232872","Inbound answered call on RD USA","'+15716223035 Aircall new contact","2024-09-04 23:00","Abhiram Amaraneni","","Miscellaneous","2024-09-04 23:03","Low","2024-09-08 23:31"
"4652","Closed","10232872","Data Trust Connection issue","Jayheen Patel","2024-09-04 16:44","Abhiram Amaraneni","EdenTree","Product Issue","2024-09-16 18:31","Normal","2024-09-20 19:31"
"4649","Pending","10232832","RE: Data Trust database access","Jayheen Patel","2024-09-03 14:02","Abhiram Amaraneni","EdenTree","Product Usage Guidance","","Normal","2024-09-18 18:37"
"4647","Closed","10232872","FDR Batch Jobs Error","Gowtham Madhavan","2024-09-02 13:47","Nuthan Jakkam","Juniper Networks","Product Issue","2024-09-10 12:44","Urgent","2024-09-14 13:31"
"4646","Closed","10232872","RE: [SAP to Cloud Migration - Central Finance] Non-SAP Applications - RightData","Capuli, Kyla Isabel","2024-09-02 10:17","Sandeshi Nikkam","P&G","Customer Infra Related","2024-09-10 18:05","Normal","2024-09-14 18:31"
"4644","Open","10232812","Additional column to be added in Data Trust","Jayheen Patel","2024-08-30 19:17","Abhiram Amaraneni","EdenTree","Enhancement Request","","Normal","2024-09-10 12:22"
"4643","Closed","10232872","Urgent Intervention: Migration from Entrust issued Public TLS/SSL Certificates – Update 1","CertSupport, Ion","2024-08-29 20:06","Nuthan Jakkam","P&G","Customer Infra Related","2024-09-10 13:10","Low","2024-09-14 13:31"
"4639","Closed","10232872","Conversation with Aravind Survu","Aravind Survu","2024-08-28 12:03","Sandeshi Nikkam","","Miscellaneous","2024-08-28 12:29","Low","2024-09-01 12:31"
"4638","Closed","10232872","Re: DataTrust // KinderCare - AWS Instance","Sushma Abburi","2024-08-28 09:31","Anil Kumar","KinderCare","Product Usage Guidance","2024-09-16 22:23","Normal","2024-09-20 22:31"
"4637","Closed","10232872","RE: Accessing CSV File with no credentials","Vadim Bakman","2024-08-28 00:22","Sandeshi Nikkam","UCare","Product Usage Guidance","2024-08-28 21:30","Normal","2024-09-01 22:31"
"4634","Closed","10232872","Re: RightData not moving froward after ""Rendering results... "" setp","Phuyal, Suman","2024-08-27 21:45","Abhiram Amaraneni","Granite Construction","Customer Infra Related","2024-09-10 12:24","High","2024-09-14 12:31"
"4627","Closed","10232872","Unable to see the RightData version tracking for Bulk data validation scenario","Ranjan Das, Dibya","2024-08-26 15:47","Sandeshi Nikkam","Wolters Kluwer","Product Issue","2024-09-09 15:47","Normal","2024-09-13 16:31"
"4623","Open","10232812","[Enhancement] Snowflake Polaris Iceberg based data catalog access","Robert May","2024-08-24 03:43","","Medidata","Enhancement Request","","Normal","2024-08-26 12:03"
"4616","Open","10232812","Re: ServiceNow - Performance issue(Cockpit)","Vineet Maheshwari","2024-08-23 12:15","","ServiceNow","Product Issue","","Normal","2024-09-27 10:45"
"4613","Closed","10232872","Right Data - getting error","Sahite, Sonali [JJCUS NON-J&J]","2024-08-22 11:50","Nuthan Jakkam","J&J","Product Usage Guidance","2024-09-02 10:24","Normal","2024-09-06 10:31"
"4608","Closed","10232872","FW: Data Trust","Jayheen Patel","2024-08-21 14:11","Abhiram Amaraneni","EdenTree","Product Issue","2024-09-10 18:54","Normal","2024-09-14 19:31"
"4603","Closed","10232872","Re: RDt metrics table for Query Chain","Gowtham Madhavan","2024-08-20 18:25","Nuthan Jakkam","Juniper Networks","Product Issue","2024-09-20 12:32","High","2024-09-24 13:31"
"4595","Closed","10232872","Re: Monthly EdenTree <> RightData catch up","Yan, Sean","2024-08-19 19:08","Abhiram Amaraneni","EdenTree","Product Usage Guidance","2024-09-10 12:33","Normal","2024-09-14 13:31"
"4589","Closed","10232872","Inbound answered call on RD USA","'+19413045584 Aircall new contact","2024-08-16 01:05","Abhiram Amaraneni","","Miscellaneous","2024-08-16 20:57","Low","2024-08-20 21:31"
"4588","Closed","10232872","Inbound answered call on RD USA","'+18722996897 Aircall new contact","2024-08-16 00:06","Abhiram Amaraneni","","Miscellaneous","2024-08-16 20:57","Low","2024-08-20 21:31"
"4586","Closed","10232872","Monthly EdenTree <> RightData Catch Up | Enhancements and Bugs","Yan, Sean","2024-08-15 20:41","Abhiram Amaraneni","EdenTree","","2024-08-20 09:55","'-","2024-08-20 09:55"
"4585","Closed","10232872","Monthly EdenTree <> RightData Catch Up | Enhancements and Bugs","Yan, Sean","2024-08-15 20:41","Abhiram Amaraneni","EdenTree","","2024-08-20 09:55","'-","2024-08-20 09:55"
"4583","Closed","10232872","Data Trust connection issue","Yan, Sean","2024-08-15 16:13","Abhiram Amaraneni","EdenTree","Customer Infra Related","2024-09-16 18:31","Normal","2024-09-20 19:31"
"4582","Open","10232812","No Data Trust emails generated this morning","Jayheen Patel","2024-08-15 13:39","Abhiram Amaraneni","EdenTree","Product Issue","","Normal","2024-09-13 08:50"
"4581","Closed","10232872","SSO Enablement - AD integration (via SAML)","Bharath Chandrasekaran","2024-08-15 01:29","Anil Kumar","DHL","Customer Infra Related","2024-09-11 05:15","Urgent","2024-09-15 05:31"
"4577","Closed","10232872","Add 52.191.14.40 to Whitelist for pace.rightdata.cloud","Nate Good","2024-08-14 03:00","Srinivas Arroju","PACE Claims","Customer Infra Related","2024-09-03 20:35","High","2024-09-07 21:31"
"4574","Closed","10232872","Pictet Skagen Position Rec","Yan, Sean","2024-08-13 19:05","Abhiram Amaraneni","EdenTree","Product Usage Guidance","2024-09-16 18:32","Normal","2024-09-20 19:31"
"4573","Closed","10232872","Re: Issue with ‘ACDOCA_M_EXTRACT_Full_Load_GetS/4_Comp’ in Job report","Dyavadi, Thanmayee [JJCUS NON-J&J]","2024-08-13 14:46","Sandeshi Nikkam","J&J","Product Usage Guidance","2024-08-14 17:14","Normal","2024-08-18 17:31"
"4572","Pending","10232832","RE: RightData isn't running anything after update","Richard Lowe","2024-08-13 14:32","Abhiram Amaraneni","RPMI Railpen","Enhancement Request","","Urgent","2024-09-27 10:53"
"4564","Closed","10232872","Unable to connect to the stage DB server from Rightdata","Ranjan Das, Dibya","2024-08-12 16:50","Sandeshi Nikkam","Wolters Kluwer","Product Issue","2024-08-12 18:01","Normal","2024-08-16 18:31"
"4563","Closed","10232872","TDR Source row count shown as '0'","Gowtham Madhavan","2024-08-10 21:14","Sandeshi Nikkam","Juniper Networks","Customer Infra Related","2024-09-04 18:11","Urgent","2024-09-08 18:31"
"4561","Closed","10232872","P1 - All Reporting Failing","Nate Good","2024-08-09 20:29","Abhiram Amaraneni","PACE Claims","","2024-09-10 18:21","Urgent","2024-09-10 18:21"
"4560","Closed","10232872","Request to change Email Domain in RD workflow notifications","Potnuru, Sonia patro [JJCUS NON-J&J]","2024-08-09 20:17","Sandeshi Nikkam","J&J","Product Usage Guidance","2024-08-23 10:20","Normal","2024-08-27 10:31"
"4558","Closed","10232872","Uniqueness of SCENARIO_ID","Gowtham Madhavan","2024-08-09 18:44","Sandeshi Nikkam","Juniper Networks","Product Usage Guidance","2024-08-14 17:35","High","2024-08-18 18:31"
"4556","Closed","10232872","DT Registration (GF) - georgefirican@gmail.com","support@getrightdata.com","2024-08-08 23:11","Sandeshi Nikkam","RightData","Try RDt","2024-09-10 12:28","High","2024-09-14 12:31"
"4552","Closed","10232872","Re: Unable to open the RightData package from Email","Potnuru, Sonia patro [JJCUS NON-J&J]","2024-08-08 17:52","Sandeshi Nikkam","J&J","Product Usage Guidance","2024-08-09 11:17","Normal","2024-08-13 11:31"
"4546","Closed","10232872","ServiceNow - RestAPI","Lakshmi Banerjee","2024-08-07 18:51","Sandeshi Nikkam","ServiceNow","Product Issue","2024-08-09 11:03","High","2024-08-13 11:31"
"4544","Open","10232812","Railpen - Excel attachment in email instead the download link","Richard Lowe","2024-08-07 17:45","Abhiram Amaraneni","RPMI Railpen","Enhancement Request","","Normal","2024-09-27 10:52"
"4543","Closed","10232872","Data Trust - build new reconciliation","Jayheen Patel","2024-08-07 16:59","Abhiram Amaraneni","EdenTree","Product Issue","2024-09-10 12:40","Normal","2024-09-14 13:31"
"4539","Closed","10232872","RightData on-prem solution","Jayheen Patel","2024-08-06 20:35","Abhiram Amaraneni","EdenTree","Product Usage Guidance","2024-08-07 09:44","Normal","2024-08-11 10:31"
"4536","Closed","10232872","Daily Failed Snapshots Refresh Error","Esta, Desiree","2024-08-06 11:06","Sandeshi Nikkam","P&G","Product Usage Guidance","2024-08-09 11:21","High","2024-08-13 11:31"
"4535","Closed","10232872","PBI Reports are not working","Sushma Abburi","2024-08-06 02:24","Sandeshi Nikkam","KinderCare","Product Issue","2024-08-26 14:51","Normal","2024-08-30 15:31"
"4534","Closed","10232872","Data Trust failed to generate emails","Jayheen Patel","2024-08-05 14:13","Abhiram Amaraneni","EdenTree","Product Issue","2024-09-10 12:56","Normal","2024-09-14 13:31"
"4530","Closed","10232872","How to Create Variable for Current Time","Jason Galvin","2024-08-01 23:36","Abhiram Amaraneni","Onezero","Product Issue","2024-09-20 20:13","Normal","2024-09-24 20:31"
"4526","Closed","10232872","Snowflake FDR row count execution generates syntax error in middleware.","Robert May","2024-08-01 22:09","Abhiram Amaraneni","Medidata","Product Usage Guidance","2024-09-12 02:08","High","2024-09-16 02:31"
"4520","Closed","10232872","ServiceNow - Build Fix update (CSV Issue)","Lakshmi Banerjee","2024-08-01 10:12","Sandeshi Nikkam","ServiceNow","Product Issue","2024-08-07 14:51","High","2024-08-11 15:31"
"4519","Closed","10232872","ServiceNow-Snowflake issue","Lakshmi Banerjee","2024-08-01 10:10","Nuthan Jakkam","ServiceNow","Product Issue","2024-08-07 14:52","High","2024-08-11 15:31"
"4481","Closed","10232872","Issue with RightData_db size quota exceeded","Dyavadi, Thanmayee [JJCUS NON-J&J]","2024-07-30 18:51","Nuthan Jakkam","J&J","Product Usage Guidance","2024-08-07 10:48","Normal","2024-08-11 11:31"
"4474","Closed","10232872","Unable to add watchlist in Data Trust","Jayheen Patel","2024-07-30 14:04","Abhiram Amaraneni","EdenTree","Product Issue","2024-09-10 12:47","Normal","2024-09-14 13:31"
"4473","Closed","10232872","Rightdata support ODBC driver connection to connect to Databricks","srikanth yathigiri","2024-07-30 02:11","Abhiram Amaraneni","Mercy","Product Usage Guidance","2024-09-18 20:37","Normal","2024-09-22 21:31"
"4470","Closed","10232872","Re: Out of Memory Error","Jayheen Patel","2024-07-29 16:29","Nuthan Jakkam","EdenTree","Product Issue","2024-07-30 13:23","Normal","2024-08-03 13:31"
"4469","Closed","10232872","Connectivity Issue","Dyavadi, Thanmayee [JJCUS NON-J&J]","2024-07-29 15:46","Sandeshi Nikkam","J&J","Product Usage Guidance","2024-07-29 20:12","Normal","2024-08-02 20:31"
"4468","Closed","10232872","BRV - Reference check not populating in BRV Metrics table","Gowtham Madhavan","2024-07-29 14:02","Sandeshi Nikkam","Juniper Networks","Product Usage Guidance","2024-08-12 16:07","High","2024-08-16 16:31"
"4467","Closed","10232872","N6A Unicode Meeting","Capuli, Kyla Isabel","2024-07-29 13:17","Abhiram Amaraneni","P&G","Product Usage Guidance","2024-07-30 13:24","Normal","2024-08-03 13:31"
"4466","Closed","10232872","Kenvue:Issue with Column Mismatch and Map Source/Target Blanking in FDR","Victor RajaSingh, Shiny [Non-Kenvue]","2024-07-29 12:43","Sandeshi Nikkam","Kenvue","Product Usage Guidance","2024-08-23 10:24","High","2024-08-27 10:31"
"4461","Closed","10232872","Able to sign in to my DataTrust Account with both my LDAP and old passwords","Bharath Chandrasekaran","2024-07-25 18:30","Sandeshi Nikkam","DHL","Product Usage Guidance","2024-08-02 10:08","Urgent","2024-08-06 10:31"
"4460","Closed","10232872","Data Trust displaying multiple rows in the result view","Yan, Sean","2024-07-25 16:00","Abhiram Amaraneni","EdenTree","Product Issue","2024-09-10 12:45","Normal","2024-09-14 13:31"
"4459","Closed","10232872","Discrepancies in RightData Validation between Salesforce and Datahub for JJI DI","Potnuru, Sonia patro [JJCUS NON-J&J]","2024-07-25 14:47","Sandeshi Nikkam","J&J","Product Usage Guidance","2024-08-07 19:27","Normal","2024-08-11 19:31"
"4456","Closed","10232872","Quick Connect on the Data source for Anaplan","Potnuru, Sonia patro [JJCUS NON-J&J]","2024-07-25 13:04","Abhiram Amaraneni","J&J","Customer Infra Related","2024-08-07 10:47","Normal","2024-08-11 11:31"
"4455","Open","10232812","Notification if the Job doesn't execute","Saravanan Chellappan","2024-07-25 12:55","Sandeshi Nikkam","Juniper Networks","Enhancement Request","","Normal","2024-09-18 10:39"
"4454","Open","10232812","Issue with Duplicate Email Notifications for Batch Script Execution","Sushma Abburi","2024-07-25 06:32","","KinderCare","Product Issue","","Normal","2024-09-16 21:56"
"4453","Closed","10232872","Issue with Batch Scripts Erroring Out During Scheduled Runs","Sushma Abburi","2024-07-25 06:18","Abhiram Amaraneni","KinderCare","Product Issue","2024-09-16 22:34","Normal","2024-09-20 23:32"
"4452","Closed","10232872","Re: RDT Connectivity to AWS S3 Bucket","Saravanan Chellappan","2024-07-24 13:50","Sandeshi Nikkam","Juniper Networks","Product Usage Guidance","2024-08-09 12:25","Normal","2024-08-13 12:31"
"4451","Pending","10232832","Salesforce Connection is not working in RDT","Sushma Abburi","2024-07-24 09:27","Abhiram Amaraneni","KinderCare","Product Usage Guidance","","Normal","2024-09-18 18:30"
"4450","Closed","10232872","SQL Athena based ingestion causes null exception when using packetize by values in widget","Robert May","2024-07-24 00:00","Sandeshi Nikkam","Medidata","Product Issue","2024-09-12 10:41","Normal","2024-09-16 11:31"
"4449","Closed","10232872","DATATRUST Account locked after using Regular login password","Ashwinkumar Balak (DHLeC), external","2024-07-23 20:34","Abhiram Amaraneni","DHL","Product Usage Guidance","2024-07-24 10:38","Urgent","2024-07-28 11:31"
"4447","Closed","10232872","Error converting data type nvarchar to float.","Gowtham Madhavan","2024-07-23 18:31","Nuthan Jakkam","Juniper Networks","Product Usage Guidance","2024-07-25 15:36","High","2024-07-29 16:31"
"4446","Closed","10232872","Incorrect result - YARDI Pos Reconciliation check Matrix vs IDM","Aava Shrestha","2024-07-22 21:36","Abhiram Amaraneni","RPMI Railpen","Product Usage Guidance","2024-07-24 13:14","Normal","2024-07-28 13:31"
"4445","Closed","10232872","20240722 || Observing Middleware Communication Error","Rajkumar, Vinodh kumar [GTSUS Non-J&J]","2024-07-22 18:01","Abhiram Amaraneni","J&J","Customer Infra Related","2024-07-23 12:09","Normal","2024-07-27 12:31"
"4443","Closed","10232872","Types of validation list in all validation types","Gowtham Madhavan","2024-07-22 16:09","Nuthan Jakkam","Juniper Networks","Product Usage Guidance","2024-07-30 15:28","High","2024-08-03 15:31"
"4442","Closed","10232872","RE: Unable to access/view the query logic used in RD scenarios","Sarkar, Soumi [JANIN NON-J&J]","2024-07-22 16:02","Nuthan Jakkam","J&J","Product Usage Guidance","2024-07-25 11:01","High","2024-07-29 11:31"
"4441","Closed","10232872","RightData isn't running anything after update","Richard Lowe","2024-07-22 12:02","Sandeshi Nikkam","RPMI Railpen","Product Issue","2024-08-07 18:20","Normal","2024-08-11 18:31"
"4440","Closed","10232872","Re: DataTrust // Ucare Prod upgrade request","suresh veerabomma","2024-07-20 00:37","Anil Kumar","UCare","Install / Upgrade","2024-08-05 12:53","Normal","2024-08-09 13:31"
"4438","Closed","10232872","G1A104 / G1A198 TCURR Error","Capuli, Kyla Isabel","2024-07-19 11:30","Sandeshi Nikkam","P&G","Product Usage Guidance","2024-07-19 17:13","Normal","2024-07-23 17:31"
"4437","Solved","10232872","Snowflake query is running slowly in RightData when compared to Snowflake","Gowtham Madhavan","2024-07-18 15:46","Nuthan Jakkam","Juniper Networks","Product Usage Guidance","2024-09-27 14:42","Normal","2024-09-27 14:42"
"4436","Closed","10232872","Error while running FDR","Victor RajaSingh, Shiny [Non-Kenvue]","2024-07-18 15:34","Nuthan Jakkam","Kenvue","Product Usage Guidance","2024-08-02 15:16","Normal","2024-08-06 15:31"
"4435","Pending","10232832","Handling Column Sequence Changes in TDR Mappings to Ensure Checksum Integrity","Holkar, Pratik","2024-07-18 14:18","Nuthan Jakkam","Wolters Kluwer","Product Issue","","Normal","2024-09-27 10:28"
"4434","Closed","10232872","RE: RightData version tracking feature","Vikaram, Jayu","2024-07-18 11:20","Abhiram Amaraneni","Wolters Kluwer","Product Usage Guidance","2024-08-12 10:56","Normal","2024-08-16 11:31"
"4433","Closed","10232872","RightData MetaData and DB Migration","Vikaram, Jayu","2024-07-17 18:48","Sandeshi Nikkam","Wolters Kluwer","Product Usage Guidance","2024-08-30 10:32","High","2024-09-03 11:31"
"4432","Closed","10232872","Recall: INC000000334059: Logical Disk Free Space is low - The disk F: on computer azrwdnnvaw0003.jx2.com is running out of disk space","Hannure, Abdul [Non-Kenvue]","2024-07-17 17:47","Nuthan Jakkam","Kenvue","","2024-07-17 22:49","'-","2024-07-17 22:49"
"4431","Closed","10232872","Re: INC000000334059: Logical Disk Free Space is low - The disk F: on computer azrwdnnvaw0003.jx2.com is running out of disk space","Hannure, Abdul [Non-Kenvue]","2024-07-17 16:19","Nuthan Jakkam","Kenvue","Product Usage Guidance","2024-07-17 22:51","Normal","2024-07-17 22:51"
"4430","Closed","10232872","Re: RightData Error","Vikaram, Jayu","2024-07-17 15:52","Sandeshi Nikkam","Wolters Kluwer","Product Usage Guidance","2024-07-18 15:56","Normal","2024-07-22 16:31"
"4429","Closed","10232872","Re: INC000000334059: Logical Disk Free Space is low - The disk F: on computer azrwdnnvaw0003.jx2.com is running out of disk space","Victor RajaSingh, Shiny [Non-Kenvue]","2024-07-17 14:49","Sandeshi Nikkam","Kenvue","Product Usage Guidance","2024-08-14 13:04","Normal","2024-08-18 13:31"
"4428","Closed","10232872","RE: [BLOCKED] RightData SAP Connection Details","Potnuru, Sonia patro [JJCUS NON-J&J]","2024-07-17 14:46","Abhiram Amaraneni","J&J","Product Usage Guidance","2024-07-18 05:28","Normal","2024-07-22 05:31"
"4427","Closed","10232872","Tuesday GetS/4 incremental job is stuck","Dyavadi, Thanmayee [JJCUS NON-J&J]","2024-07-17 13:06","Sandeshi Nikkam","J&J","Product Usage Guidance","2024-07-17 20:02","Normal","2024-07-21 20:31"
"4426","Closed","10232872","Wrong exceptions in FDR","Gowtham Madhavan","2024-07-16 21:44","Sandeshi Nikkam","Juniper Networks","Product Issue","2024-08-01 18:02","High","2024-08-05 18:31"
"4425","Open","10232812","Re: Rdt Metrics Definition","Saravanan Chellappan","2024-07-16 19:39","Sandeshi Nikkam","Juniper Networks","Product Usage Guidance","","Normal","2024-09-27 10:24"
"4424","Closed","10232872","Go-live with Data Trust","Jayheen Patel","2024-07-15 22:00","Abhiram Amaraneni","EdenTree","Miscellaneous","2024-07-16 01:14","High","2024-07-20 01:31"
"4423","Closed","10232872","Support for .csv.processed Files","Jason Galvin","2024-07-15 21:06","Abhiram Amaraneni","Onezero","","2024-07-16 01:16","High","2024-07-16 01:16"
"4421","Closed","10232872","Queries limit while building Query chain for union all","Dhore, Sagar","2024-07-15 14:11","Sandeshi Nikkam","Wolters Kluwer","Customer Infra Related","2024-07-15 15:21","Normal","2024-07-19 15:31"
"4420","Closed","10232872","RDt metrics table for Reporting Characteristics","Gowtham Madhavan","2024-07-14 21:44","Nuthan Jakkam","Juniper Networks","Product Usage Guidance","2024-07-24 09:33","High","2024-07-28 10:31"
"4419","Closed","10232872","TDR is not working","Ambati, Likitha","2024-07-12 13:19","Sandeshi Nikkam","Wolters Kluwer","Product Usage Guidance","2024-07-15 15:07","Urgent","2024-07-19 15:31"
"4418","Open","10232812","Is it possible to ingest data from Flink system using FlinkSQL","Robert May","2024-07-12 03:52","","Medidata","Enhancement Request","","Normal","2024-08-26 15:13"
"4417","Closed","10232872","TDR Data Comparision Options is not working","Sushma Abburi","2024-07-12 01:46","Abhiram Amaraneni","KinderCare","Product Issue","2024-09-16 22:34","High","2024-09-20 23:32"
"4416","Closed","10232872","RDt metrics table for Query Chain","Gowtham Madhavan","2024-07-11 17:05","Nuthan Jakkam","Juniper Networks","Enhancement Request","2024-07-16 12:58","High","2024-07-20 13:31"
"4414","Closed","10232872","Not able to access right data existing mappings.","Dhore, Sagar","2024-07-11 13:17","Nuthan Jakkam","Wolters Kluwer","Product Issue","2024-07-17 19:42","High","2024-07-21 20:31"
"4413","Closed","10232872","Enabling Task Scheduler for Middleware and Node","Sushma Abburi","2024-07-10 22:17","Abhiram Amaraneni","KinderCare","Customer Infra Related","2024-09-16 22:34","Normal","2024-09-20 23:32"
"4412","Closed","10232872","Query Running for Extended Time and Losing Session Connection","Sushma Abburi","2024-07-10 22:08","Sandeshi Nikkam","KinderCare","Product Usage Guidance","2024-08-06 02:25","Normal","2024-08-10 02:31"
"4411","Open","10232812","High Quality SEO Services: Increased Sales with Our Guest Post Services","Muhammad Harix","2024-07-10 16:35","","","Sales","","'-","2024-07-10 16:37"
"4409","Open","10232812","Reporting Characteristics for TDR & BDV","Gowtham Madhavan","2024-07-10 14:56","Sandeshi Nikkam","Juniper Networks","Enhancement Request","","High","2024-09-27 14:20"
"4408","Closed","10232872","RE: Unable to run Validation checks (Rdt v.2024-03)","Vadim Bakman","2024-07-10 01:56","Anil Kumar","UCare","Product Issue","2024-07-10 02:15","Normal","2024-07-14 02:31"
"4407","Closed","10232872","Urgent Intervention: Migration from Entrust issued Public TLS/SSL Certificates","CertSupport, Ion","2024-07-09 22:22","Nuthan Jakkam","P&G","Customer Infra Related","2024-07-11 20:14","Normal","2024-07-15 20:31"
"4406","Closed","10232872","Salesforce connection issue in RightData","Potnuru, Sonia patro [JJCUS NON-J&J]","2024-07-09 21:34","Sandeshi Nikkam","J&J","Product Usage Guidance","2024-07-24 15:33","Normal","2024-07-28 16:31"
"4405","Closed","10232872","Unable to run Validation checks (Rdt v.2024-03)","suresh veerabomma","2024-07-09 21:24","Sandeshi Nikkam","UCare","","2024-07-09 21:30","'-","2024-07-09 21:30"
"4404","Closed","10232872","Scenarios modified or deleted message","Aava Shrestha","2024-07-09 18:46","Abhiram Amaraneni","RPMI Railpen","Product Usage Guidance","2024-08-07 10:00","Normal","2024-08-11 10:31"
"4403","Closed","10232872","Re: back up for checks","Aava Shrestha","2024-07-09 18:42","Abhiram Amaraneni","RPMI Railpen","Product Usage Guidance","2024-07-16 01:18","Normal","2024-07-20 01:31"
"4402","Closed","10232872","Unable to access the 3 dotted button in BRV","Gowtham Madhavan","2024-07-09 15:48","Nuthan Jakkam","Juniper Networks","Product Usage Guidance","2024-07-11 18:34","Normal","2024-07-15 19:31"
"4401","Closed","10232872","Subject: Adding Case Statements in TDR Scenario for Specific Columns","Dhore, Sagar","2024-07-09 13:09","Sandeshi Nikkam","Wolters Kluwer","Product Issue","2024-07-09 15:47","Normal","2024-07-13 16:31"
"4400","Closed","10232872","Rightdata UI is not responding","Indla Sai Teja","2024-07-09 10:45","Nuthan Jakkam","Juniper Networks","Product Usage Guidance","2024-09-10 13:36","High","2024-09-14 14:31"
"4399","Open","10232812","Data transformation generate pivot data columns","Robert May","2024-07-09 03:43","","Medidata","Enhancement Request","","Normal","2024-07-18 13:16"
"4398","Closed","10232872","Unable to run Validation checks (Rdt v.2024-03)","Vadim Bakman","2024-07-08 22:34","Anil Kumar","UCare","Product Usage Guidance","2024-07-10 02:16","Normal","2024-07-10 02:16"
"4397","Closed","10232872","Error: Connection to SQL server","Dyavadi, Thanmayee [JJCUS NON-J&J]","2024-07-08 19:53","Sandeshi Nikkam","J&J","Product Usage Guidance","2024-07-09 12:46","Normal","2024-07-13 13:31"
"4396","Closed","10232872","RightData on-prem instance","Yan, Sean","2024-07-08 18:13","Abhiram Amaraneni","EdenTree","Product Issue","2024-07-16 02:27","Normal","2024-07-20 02:31"
"4395","Closed","10232872","Dev SQL Server Password Reset","Indla Sai Teja","2024-07-08 15:41","Nuthan Jakkam","Juniper Networks","Product Usage Guidance","2024-07-10 16:24","Normal","2024-07-14 16:31"
"4394","Closed","10232872","Getrightdata","Alfie Wright","2024-07-06 18:18","Sandeshi Nikkam","","Miscellaneous","2024-07-08 09:45","Low","2024-07-12 10:31"
"4393","Open","10232812","[Enhancement] Add override variables to the FDR Parameter execute with run time params dialog","Robert May","2024-07-06 02:37","","Medidata","Enhancement Request","","Normal","2024-07-08 09:51"
"4392","Open","10232812","[Enhancement] Add Batch Process execution override profiles and variables UI capability","Robert May","2024-07-06 02:31","","Medidata","Enhancement Request","","Normal","2024-07-08 14:11"
"4391","Open","10232812","Batch Console Job Not Stopping on Initial Widget Failures","Sushma Abburi","2024-07-06 01:27","Sandeshi Nikkam","KinderCare","Enhancement Request","","Low","2024-09-10 19:00"
"4390","Closed","10232872","RE: RightData workflow errors for JForce to Datahub Validation","Rajkumar, Vinodh kumar [GTSUS Non-J&J]","2024-07-05 20:12","Sandeshi Nikkam","J&J","Product Usage Guidance","2024-07-10 12:21","Normal","2024-07-10 12:21"
"4389","Closed","10232872","Getrightdata","Isadora Clark","2024-07-05 19:43","Sandeshi Nikkam","","Miscellaneous","2024-07-05 19:48","Low","2024-07-09 20:31"
"4388","Closed","10232872","FDR scenario issue","Victor RajaSingh, Shiny [Non-Kenvue]","2024-07-04 16:46","Nuthan Jakkam","Kenvue","Product Usage Guidance","2024-07-11 20:01","Normal","2024-07-15 20:31"
"4387","Closed","10232872","Weekend Job Failed","Dyavadi, Thanmayee [JJCUS NON-J&J]","2024-07-03 19:52","Sandeshi Nikkam","J&J","Product Issue","2024-07-09 13:14","Normal","2024-07-13 13:31"
"4386","Closed","10232872","critical vulnerability ( CVE-2024-6387 ) - OpenSSH software package","Saravanan Chellappan","2024-07-02 22:35","Nuthan Jakkam","Juniper Networks","Miscellaneous","2024-07-04 14:20","Urgent","2024-07-08 14:31"
"4385","Closed","10232872","Rightdata Middleware is not running","Indla Sai Teja","2024-07-02 11:32","Nuthan Jakkam","Juniper Networks","Product Usage Guidance","2024-07-03 11:28","High","2024-07-07 11:31"
"4384","Open","10232812","RE: Export Decimal Scale and Precision","White, Richard","2024-07-02 05:29","","EdenTree","Enhancement Request","","Normal","2024-07-18 15:21"
"4383","Closed","10232872","Audit Log in RightData / OnPrem","Jayheen Patel","2024-07-01 20:22","Sandeshi Nikkam","EdenTree","Product Issue","2024-08-15 20:51","Normal","2024-08-19 21:31"
"4382","Closed","10232872","Data Trust database access","Yan, Sean","2024-07-01 15:41","Abhiram Amaraneni","EdenTree","Customer Infra Related","2024-08-07 09:57","High","2024-08-11 10:31"
"4380","Closed","10232872","Re: TDR scenario mapping sorting issues.","Dhore, Sagar","2024-06-27 22:33","Nuthan Jakkam","Wolters Kluwer","Enhancement Request","2024-07-11 19:07","High","2024-07-15 19:31"
"4379","Closed","10232872","FDR error when [push down enabled]","Khanh Pham","2024-06-25 20:05","Abhiram Amaraneni","KinderCare","Product Issue","2024-09-17 01:45","High","2024-09-21 02:31"
"4378","Open","10232812","RightData - ""CUR"" View in Query not Recognized in FDR","Vadim Bakman","2024-06-21 20:41","Sandeshi Nikkam","UCare","Product Issue","","Normal","2024-09-27 10:36"
"4377","Closed","10232872","BDV Duplicate Check error","Gowtham Madhavan","2024-06-21 15:06","Sandeshi Nikkam","Juniper Networks","Product Issue","2024-07-01 19:14","High","2024-07-05 19:31"
"4376","Closed","10232872","Batch Job executing for 12+ hours","Gowtham Madhavan","2024-06-21 12:32","Nuthan Jakkam","Juniper Networks","Product Issue","2024-07-01 19:16","Urgent","2024-07-05 19:31"
"4375","Open","10232812","Snowflake based SQL dataset profiling fails (with 0 error messages)","Robert May","2024-06-20 21:59","","Medidata","Product Issue","","Normal","2024-09-13 23:23"
"4374","Closed","10232872","Canceled: Monthly EdenTree <> RightData Catch Up | Enhancements and Bugs","Yan, Sean","2024-06-20 20:47","Abhiram Amaraneni","EdenTree","Miscellaneous","2024-06-20 20:51","Normal","2024-06-24 21:31"
"4373","Closed","10232872","Re: Monthly EdenTree <> RightData Catch Up | Enhancements and Bugs","Yan, Sean","2024-06-20 19:47","Abhiram Amaraneni","EdenTree","Product Usage Guidance","2024-06-20 20:27","Normal","2024-06-24 20:31"
"4372","Closed","10232872","RDT Connectivity to AWS S3 Bucket","Saravanan Chellappan","2024-06-20 13:27","Nuthan Jakkam","Juniper Networks","Product Usage Guidance","2024-06-26 16:20","Normal","2024-06-30 16:31"
"4371","Closed","10232872","Rightdata is slow","M, Nagaveni [GTSIN NON-J&J]","2024-06-20 13:15","Sandeshi Nikkam","J&J","Product Issue","2024-06-24 20:25","Urgent","2024-06-28 20:31"
"4370","Closed","10232872","Run History Error","Esta, Desiree","2024-06-20 11:15","Sandeshi Nikkam","P&G","Product Usage Guidance","2024-07-03 10:17","High","2024-07-07 10:31"
"4369","Closed","10232872","RE: Issue for Some tables from Sundays and Tuesdays report","Dyavadi, Thanmayee [JJCUS NON-J&J]","2024-06-20 07:42","Sandeshi Nikkam","J&J","Product Usage Guidance","2024-07-11 19:57","Normal","2024-07-15 20:31"
"4368","Closed","10232872","DT convert NULL from CSV into local db with 0s","Khanh Pham","2024-06-20 03:06","Abhiram Amaraneni","KinderCare","","2024-06-20 23:07","Urgent","2024-06-24 23:32"
"4367","Closed","10232872","Recall: Getting error as ''There is not enough space on the disk""","M, Nagaveni [GTSIN NON-J&J]","2024-06-19 15:34","Sandeshi Nikkam","J&J","","2024-06-20 10:02","'-","2024-06-20 10:02"
"4366","Closed","10232872","Recall: Getting error as ''There is not enough space on the disk""","M, Nagaveni [GTSIN NON-J&J]","2024-06-19 15:29","Sandeshi Nikkam","J&J","","2024-06-19 15:32","'-","2024-06-19 15:32"
"4365","Closed","10232872","Getting error as ''There is not enough space on the disk"" in Rightdata","M, Nagaveni [GTSIN NON-J&J]","2024-06-19 15:27","Sandeshi Nikkam","J&J","","2024-06-19 15:32","'-","2024-06-19 15:32"
"4364","Closed","10232872","Getting error as ''There is not enough space on the disk""","M, Nagaveni [GTSIN NON-J&J]","2024-06-19 15:19","Nuthan Jakkam","J&J","Product Usage Guidance","2024-06-24 20:25","Normal","2024-06-28 20:31"
"4363","Closed","10232872","Data Trust connection issue with our Data Warehouse & Data Hub","Yan, Sean","2024-06-19 13:54","Abhiram Amaraneni","EdenTree","Customer Infra Related","2024-06-20 18:51","High","2024-06-24 19:31"
"4362","Open","10232812","Re: Image in Custom Email","Oates, Thomas","2024-06-18 23:02","","AF Group","Product Usage Guidance","","Normal","2024-07-09 18:19"
"4361","Closed","10232872","Clean Up Data","Joshi, Shalini","2024-06-18 21:08","Sandeshi Nikkam","IQVIA / DMD","Product Usage Guidance","2024-07-17 23:04","High","2024-07-21 23:31"
"4360","Closed","10232872","SSO Enablement - AD integration","Bharath Chandrasekaran","2024-06-18 02:05","Anil Kumar","DHL","Customer Infra Related","2024-08-26 14:34","High","2024-08-26 14:34"
"4359","Open","10232812","Innovative Trolley Luggage Sets from XDeal","Market","2024-06-15 04:33","","","Sales","","'-","2024-06-17 10:14"
"4358","Closed","10232872","RE: Error Email Notification","Capuli, Kyla Isabel","2024-06-14 13:05","Sandeshi Nikkam","P&G","Customer Infra Related","2024-06-18 12:19","Normal","2024-06-22 12:31"
"4357","Closed","10232872","FDR : Unable to compare two datasets (csv vs snowfalke) if no unique column","Shakir Kagzi","2024-06-14 00:28","Abhiram Amaraneni","Onezero","Product Usage Guidance","2024-09-10 13:11","Normal","2024-09-14 13:31"
"4356","Open","10232812","Null value issue in Excel date fields.","Patil, Meghana (Xceedance)","2024-06-13 16:15","Sandeshi Nikkam","Berkshire Hathaway Speciality Insurance","Enhancement Request","","Low","2024-09-27 09:40"
"4355","Pending","10232832","Decimal Round off Issue","Patil, Meghana (Xceedance)","2024-06-13 16:14","","Berkshire Hathaway Speciality Insurance","Product Usage Guidance","","Low","2024-09-27 10:33"
"4351","Closed","10232872","Getting error as ''There is not enough space on the disk""","M, Nagaveni [GTSIN NON-J&J]","2024-06-13 12:28","Nuthan Jakkam","J&J","Product Usage Guidance","2024-06-17 11:30","Normal","2024-06-21 12:31"
"4350","Open","10232812","Drive More Traffic to Your Website","Michael Robinson","2024-06-13 10:13","","","Sales","","'-","2024-06-13 14:06"
"4349","Closed","10232872","Migration steps of RightData platform","George Marques","2024-06-12 23:08","Abhiram Amaraneni","KinderCare","Customer Infra Related","2024-09-10 18:56","Normal","2024-09-14 19:31"
"4348","Closed","10232872","Right Data connection issue","Ranjan Das, Dibya","2024-06-12 21:57","Nuthan Jakkam","Wolters Kluwer","Product Usage Guidance","2024-06-13 14:39","Low","2024-06-17 15:31"
"4347","Closed","10232872","Duplicating records in Data Trust","Yan, Sean","2024-06-12 20:29","Sandeshi Nikkam","EdenTree","Product Usage Guidance","2024-07-16 02:29","Normal","2024-07-20 02:31"
"4346","Closed","10232872","[HELP NEEDEED] Update Services File for HAR Connection","Esta, Desiree","2024-06-11 13:44","Nuthan Jakkam","P&G","Customer Infra Related","2024-06-12 07:48","Normal","2024-06-16 08:31"
"4345","Open","10232812","Automating the Refresh Process in PBI Reports to Eliminate Manual Effort","Sushma Abburi","2024-06-10 23:11","","KinderCare","Product Usage Guidance","","High","2024-09-25 15:58"
"4344","Open","10232812","Add more details to Slack integration Batch Process execution message","Robert May","2024-06-10 21:43","","Medidata","Enhancement Request","","Normal","2024-06-24 17:24"
"4343","Open","10232812","Add more details to Slack integration Scenario execution message","Robert May","2024-06-10 21:41","","Medidata","Enhancement Request","","Normal","2024-06-24 17:25"
"4342","Open","10232812","Add more details to Slack integration FDR execution message","Robert May","2024-06-10 21:03","","Medidata","Enhancement Request","","Normal","2024-06-24 17:25"
"4341","Pending","10232832","Pushdown option for Snowflake based dataset Validation scenarios","Robert May","2024-06-10 20:11","","Medidata","Product Usage Guidance","","Normal","2024-09-18 18:28"
"4340","Open","10232812","High Quality Websites For Guest Post","Michelle Lenard","2024-06-10 12:29","","","Sales","","'-","2024-06-10 12:30"
"4339","Closed","10232872","RE: RightData-dev.pg.com Certificate","Capuli, Kyla Isabel","2024-06-10 10:18","Nuthan Jakkam","P&G","Install / Upgrade","2024-06-12 07:48","Normal","2024-06-16 08:31"
"4338","Closed","10232872","Batch job error","Gowtham Madhavan","2024-06-09 22:20","Nuthan Jakkam","Juniper Networks","Product Issue","2024-08-08 19:17","High","2024-08-12 19:31"
"4337","Closed","10232872","[Action Required] Certificate installation failed for RightData-dev.pg.com on right-data-zw01","Venafi Im","2024-06-09 05:58","Sandeshi Nikkam","P&G","Install / Upgrade","2024-06-10 12:40","Normal","2024-06-10 12:40"
"4335","Closed","10232872","FW: Failed: 'COB-KTI_ProdData_JUN2024_1-6_Diameter2'","Jchebbani","2024-06-08 04:01","Sandeshi Nikkam","Diameter Services","Product Issue","2024-07-05 14:33","Normal","2024-07-09 15:31"
"4334","Closed","10232872","HGP_SKAT Data Discrepancy","Esta, Desiree","2024-06-07 14:27","Sandeshi Nikkam","P&G","Product Usage Guidance","2024-06-18 12:20","Normal","2024-06-22 12:31"
"4333","Closed","10232872","RE: HGP_AUFK_2 Filter Issue","Capuli, Kyla Isabel","2024-06-07 11:59","Sandeshi Nikkam","P&G","Product Issue","2024-07-04 12:52","Normal","2024-07-08 13:31"
"4332","Closed","10232872","Failed Weekly Batch Jobs","Capuli, Kyla Isabel","2024-06-07 11:03","Sandeshi Nikkam","P&G","Internal Analysis","2024-08-12 11:00","High","2024-08-16 11:31"
"4331","Closed","10232872","Failed Table Refresh Notification for June 6 Run","Capuli, Kyla Isabel","2024-06-07 10:41","Sandeshi Nikkam","P&G","Internal Analysis","2024-06-10 05:19","Normal","2024-06-10 05:19"
"4330","Pending","10232832","RE: Second Pass Test: Complex filter issue","Pogul, Chandraja [JJCUS NON-J&J]","2024-06-06 20:37","Sandeshi Nikkam","J&J","Product Issue","","Normal","2024-08-09 10:36"
"4329","Closed","10232872","Re: RightData - Data Trust","Yan, Sean","2024-06-05 19:42","Abhiram Amaraneni","EdenTree","Product Issue","2024-06-11 09:26","Normal","2024-06-15 09:31"
"4328","Closed","10232872","TDR unable to compare NULLs stored in RD Datastore","Khanh Pham","2024-06-05 19:34","Sandeshi Nikkam","KinderCare","Product Usage Guidance","2024-07-08 10:23","High","2024-07-12 10:31"
"4327","Open","10232812","TDR column mapping in AWS source","Khanh Pham","2024-06-05 19:08","Sandeshi Nikkam","KinderCare","Product Issue","","Normal","2024-09-19 00:25"
"4326","Closed","10232872","RE: FDR's are not working as expected","Ranjan Das, Dibya","2024-06-05 12:48","Sandeshi Nikkam","Wolters Kluwer","Product Issue","2024-06-06 13:15","High","2024-06-10 13:31"
"4325","Closed","10232872","Unhandled middleware communication error","Gowtham Madhavan","2024-06-04 21:31","Nuthan Jakkam","Juniper Networks","Product Usage Guidance","2024-06-06 09:27","High","2024-06-10 09:31"
"4324","Closed","10232872","Re: RightData // Edentree - Cloud Instance Issues","Yan, Sean","2024-06-04 20:21","Abhiram Amaraneni","EdenTree","Internal Analysis","2024-06-11 09:26","Normal","2024-06-15 09:31"
"4323","Closed","10232872","CSV import does not recognize field type overide","Robert May","2024-06-01 03:02","Sandeshi Nikkam","Medidata","Product Usage Guidance","2024-06-08 00:06","Normal","2024-06-12 00:33"
"4322","Closed","10232872","Query Chain dataset ingestion does not consistently attach excel file to email notification","Robert May","2024-06-01 02:44","Sandeshi Nikkam","Medidata","Product Issue","2024-09-12 10:42","Normal","2024-09-16 11:31"
"4319","Closed","10232872","Re: Environment: in Emails","Oates, Thomas","2024-05-30 21:16","Sandeshi Nikkam","AF Group","Internal Analysis","2024-05-31 20:05","Normal","2024-06-04 20:31"
"4318","Closed","10232872","Re: Batch Email Links","Abhiram Amaraneni","2024-05-30 19:38","Abhiram Amaraneni","RightData","Product Usage Guidance","2024-05-31 00:45","Normal","2024-06-04 01:31"
"4312","Closed","10232872","Right Data connection issue","Ranjan Das, Dibya","2024-05-30 11:20","Sandeshi Nikkam","Wolters Kluwer","Product Issue","2024-05-30 12:35","Normal","2024-06-03 13:31"
"4311","Closed","10232872","QC runs are failing","Anil Kumar","2024-05-30 07:32","Anil Kumar","RightData","Product Usage Guidance","2024-05-31 00:31","Normal","2024-06-04 01:31"
"4310","Closed","10232872","Unable to Read JsonL Files","Ricardo Dorancy","2024-05-29 18:48","Sandeshi Nikkam","Onezero","Enhancement Request","2024-07-25 14:35","Normal","2024-07-29 15:31"
"4305","Closed","10232872","Re: Auto Generate FDR Scenarios","Oates, Thomas","2024-05-24 18:06","Sandeshi Nikkam","AF Group","Product Usage Guidance","2024-06-06 09:07","Normal","2024-06-10 09:31"
"4304","Pending","10232832","Excel Import Issue - Data type issue for date fields.","D, Venkataramareddy (Xceedance)","2024-05-24 10:56","","Berkshire Hathaway Speciality Insurance","Product Issue","","Low","2024-09-27 10:32"
"4303","Closed","10232872","Re: RE: Request received: RDT- Service now Integration","Saravanan Chellappan","2024-05-24 08:51","Nuthan Jakkam","Juniper Networks","Enhancement Request","2024-07-17 19:54","Normal","2024-07-21 20:31"
"4301","Closed","10232872","Daily Jobs Schedule Adjustment","Esta, Desiree","2024-05-22 19:44","Nuthan Jakkam","P&G","Customer Infra Related","2024-05-27 11:47","Normal","2024-05-31 12:31"
"4299","Closed","10232872","Re: Remote Shared Drive File Type","Jason Galvin","2024-05-22 01:18","Nuthan Jakkam","Onezero","Enhancement Request","2024-07-25 22:47","Normal","2024-07-29 23:31"
"4298","Closed","10232872","Request for Pre-requisites to Connect to Workday from RDT Tool","Sushma Abburi","2024-05-22 01:00","Sandeshi Nikkam","KinderCare","Internal Analysis","2024-08-07 10:39","Normal","2024-08-11 11:31"
"4297","Closed","10232872","SFTP connection failed on Query Chain - more info required","Skepper, Hugh","2024-05-21 14:48","Abhiram Amaraneni","EdenTree","Customer Infra Related","2024-06-11 12:11","High","2024-06-15 12:31"
"4295","Closed","10232872","Re: Lost Validation Widget - Help Needed","Vadim Bakman","2024-05-21 01:50","Anil Kumar","UCare","Product Usage Guidance","2024-06-06 08:51","Low","2024-06-10 09:31"
"4294","Closed","10232872","Rightdata URL not working","Victor RajaSingh, Shiny [Non-Kenvue]","2024-05-18 09:09","Sandeshi Nikkam","","Customer Infra Related","2024-05-30 18:27","Normal","2024-06-03 18:31"
"4293","Closed","10232872","Re: RightData version tracking feature","Ranjan Das, Dibya","2024-05-17 20:05","Abhiram Amaraneni","Wolters Kluwer","Enhancement Request","2024-07-18 14:40","Normal","2024-07-18 14:40"
"4290","Closed","10232872","Data are not loaded from Power BI after connection established in DataTrust","Ashwinkumar Balak (DHLeC), external","2024-05-17 13:47","","DHL","Customer Infra Related","2024-06-03 18:16","Urgent","2024-06-07 18:31"
"4287","Closed","10232872","Issues with Slack Notifications","Sushma Abburi","2024-05-16 06:38","Sandeshi Nikkam","KinderCare","Product Issue","2024-06-11 01:50","Low","2024-06-15 02:32"
"4284","Closed","10232872","Inquiry Regarding PBI Data sets Support in RDT","Sushma Abburi","2024-05-16 05:53","Nuthan Jakkam","KinderCare","Product Issue","2024-06-07 09:16","Low","2024-06-11 09:31"
"4282","Closed","10232872","Suggestion on Performing Negative Tests in Data Lake","Sushma Abburi","2024-05-16 02:39","Sandeshi Nikkam","KinderCare","Enhancement Request","2024-06-19 11:51","High","2024-06-23 12:31"
"4281","Closed","10232872","API - while executing generated API url it gives an error","Joshi, Shalini","2024-05-15 20:23","Sandeshi Nikkam","IQVIA / DMD","Product Usage Guidance","2024-06-07 09:12","Normal","2024-06-11 09:31"
"4280","Closed","10232872","Snowflake data ingestion SQL with { } characters is being translated incorrectly","Robert May","2024-05-15 20:04","Sandeshi Nikkam","Medidata","Product Issue","2024-09-12 10:41","Normal","2024-09-16 11:31"
"4279","Closed","10232872","RE: Sensitive(PII) Column access via ETL tool","Ranjan Das, Dibya","2024-05-15 16:10","Nuthan Jakkam","Wolters Kluwer","Product Issue","2024-06-03 09:01","Normal","2024-06-07 09:31"
"4278","Closed","10232872","BDV Unable to capture Duplicates","Gowtham Madhavan","2024-05-15 14:51","Nuthan Jakkam","Juniper Networks","Product Issue","2024-06-11 06:20","High","2024-06-15 06:31"
"4276","Closed","10232872","Re: Diameter - Incomplete Scenarios","Jchebbani","2024-05-15 05:26","Anil Kumar","Diameter Services","Customer Infra Related","2024-06-03 09:18","Normal","2024-06-07 09:31"
"4268","Closed","10232872","Emails are not sent out","Joshi, Shalini","2024-05-13 23:52","Abhiram Amaraneni","IQVIA / DMD","Product Usage Guidance","2024-09-16 16:56","High","2024-09-20 17:31"
"4267","Open","10232812","RD upgrade","suresh veerabomma","2024-05-13 22:17","Sandeshi Nikkam","UCare","Product Issue","","Normal","2024-09-27 10:41"
"4266","Closed","10232872","FDR workflows are running for long time","Sahite, Sonali [JJCUS NON-J&J]","2024-05-13 17:04","Nuthan Jakkam","J&J","Customer Infra Related","2024-06-05 05:27","Normal","2024-06-09 05:31"
"4262","Closed","10232872","HGY_AGR_USERS Data Ingestion Issue","Esta, Desiree","2024-05-09 21:05","Sandeshi Nikkam","P&G","Product Issue","2024-07-03 15:43","Normal","2024-07-07 16:31"
"4260","Closed","10232872","BDV Exceptions count in Email and Execution history do not match","Gowtham Madhavan","2024-05-09 15:19","Sandeshi Nikkam","Juniper Networks","Product Issue","2024-07-01 19:14","High","2024-07-05 19:31"
"4258","Closed","10232872","137.182.161.197 - azw-rdpr-01.int.pg.com - Inappropriately sending emails using TLSv1 Notification","Capuli, Kyla Isabel","2024-05-09 13:17","Nuthan Jakkam","P&G","Customer Infra Related","2024-06-04 09:18","Normal","2024-06-08 09:31"
"4252","Closed","10232872","Silver Layer Job Update","Nate Good","2024-05-08 19:34","Satish","PACE Claims","Product Issue","2024-08-15 01:24","High","2024-08-19 01:31"
"4247","Open","10232812","RE: Cosmos DB connectivity for RD","suresh veerabomma","2024-05-07 22:48","","UCare","Customer Infra Related","","Normal","2024-09-23 20:21"
"4239","Closed","10232872","RE: Google BigQuery connection error in RD","Sarkar, Soumi [JANIN NON-J&J]","2024-05-02 20:36","Sandeshi Nikkam","J&J","Product Issue","2024-06-07 09:40","Normal","2024-06-11 10:31"
"4229","Closed","10232872","Re: Service now widget disabled","Saravanan Chellappan","2024-04-30 21:11","Sandeshi Nikkam","Juniper Networks","Product Issue","2024-06-10 15:01","High","2024-06-14 15:31"
"4228","Closed","10232872","Exceptions download link unavailable for few scenarios in batch jobs.","Gowtham Madhavan","2024-04-30 14:16","Sandeshi Nikkam","Juniper Networks","Product Issue","2024-06-19 12:00","High","2024-06-19 12:00"
"4223","Closed","10232872","All jobs failing to run (scheduled or ad hoc)","Nate Good","2024-04-29 22:24","Satish","PACE Claims","Product Issue","2024-08-15 01:23","High","2024-08-19 01:31"
"4220","Closed","10232872","RD: FDR scenario execution issue in CC2.0","Dyavadi, Thanmayee [JJCUS NON-J&J]","2024-04-29 13:39","Nuthan Jakkam","J&J","Product Usage Guidance","2024-06-05 05:26","Normal","2024-06-09 05:31"
"4213","Closed","10232872","Incorrect Email Subject Displayed for Successful Batch Job Workflows","Sushma Abburi","2024-04-27 09:23","Nuthan Jakkam","KinderCare","Product Issue","2024-07-02 21:23","Low","2024-07-06 21:31"
"4211","Open","10232812","Remote query SQL string execution log entry is missing for Snowflake database ingestion","Robert May","2024-04-26 23:44","","Medidata","Product Issue","","Normal","2024-08-02 15:33"
"4205","Open","10232812","Tell me about what yall do","Josh","2024-04-26 12:36","","","Sales","","Low","2024-05-20 12:57"
"4193","Open","10232812","Data Trust Feature Request | Selected Sum, Count and Average Summary visible on UI","Jayheen Patel","2024-04-24 16:22","","EdenTree","Enhancement Request","","Normal","2024-06-17 10:52"
"4179","Open","10232812","Data Trust Feature Request | Ability to Name Source and Target","Jayheen Patel","2024-04-23 18:36","","EdenTree","Enhancement Request","","Normal","2024-06-17 10:52"
"4163","Closed","10232872","RITM1613636: RightData-dev.pg.com Certificate Ready to Download","Venafi Im","2024-04-21 08:30","Abhiram Amaraneni","P&G","Install / Upgrade","2024-06-01 02:29","Normal","2024-06-05 02:31"
"4151","Closed","10232872","Data Trust Performance Monitoring","Jayheen Patel","2024-04-18 17:42","Abhiram Amaraneni","EdenTree","Product Usage Guidance","2024-07-24 10:56","Normal","2024-07-28 11:31"
"4119","Closed","10232872","RDT - CPU & Memory Utilisation","Saravanan Chellappan","2024-04-12 18:53","Nuthan Jakkam","Juniper Networks","Enhancement Request","2024-09-10 13:35","Normal","2024-09-14 14:31"
"4111","Closed","10232872","Issue with Execution of Workflow","Sushma Abburi","2024-04-11 05:21","Nuthan Jakkam","KinderCare","Product Issue","2024-07-02 21:22","Urgent","2024-07-06 21:31"
"4100","Closed","10232872","CSV Records are not loaded in FDR Scenario validation.","Ashwinkumar Balak (DHLeC), external","2024-04-08 19:47","Sandeshi Nikkam","DHL","Product Issue","2024-06-10 09:14","Urgent","2024-06-14 09:31"
"4095","Closed","10232872","SQL server connection issue in Right Data","S, Pavithra [JJCUS NON-J&J]","2024-04-08 13:31","Anil Kumar","J&J","Product Issue","2024-06-05 05:26","Normal","2024-06-09 05:31"
"4090","Closed","10232872","Add IP restriction:","Nate Good","2024-04-05 21:03","Srinivas Arroju","PACE Claims","Customer Infra Related","2024-08-15 01:24","Normal","2024-08-19 01:31"
"4086","Open","10232812","RE: KinderCare - Connect(Date format)","Sushma Abburi","2024-04-05 16:01","Nuthan Jakkam","KinderCare","Product Issue","","Low","2024-09-18 19:13"
"4082","Open","10232812","Email not populating source & target counts","Machiraju, Rekha S","2024-04-05 01:17","","Mercy","Product Issue","","Normal","2024-09-25 12:51"
"4063","Closed","10232872","The download link shows 'NA' in the BDV exception email","Gowtham Madhavan","2024-04-02 16:33","Nuthan Jakkam","Juniper Networks","Enhancement Request","2024-08-22 10:17","Normal","2024-08-26 10:31"
"4033","Open","10232812","Scenario based on S3 Apache Drill dataset fails to execution with IllegalArgumentException","Robert May","2024-03-29 01:44","Sandeshi Nikkam","Medidata","Product Issue","","Normal","2024-06-17 10:48"
"4031","Open","10232812","For FDR or Validation custom SQL widget Apache Drill is no longer in the Database Type drop down","Robert May","2024-03-28 22:51","","Medidata","Enhancement Request","","Normal","2024-06-17 10:48"
"4015","Closed","10232872","Symbol Appearing Instead of £","White, Richard","2024-03-26 18:48","Abhiram Amaraneni","EdenTree","Customer Infra Related","2024-06-01 02:40","Normal","2024-06-05 03:31"
"3973","Open","10232812","Audit Log for UI Changes","Jayheen Patel","2024-03-20 17:28","","EdenTree","Enhancement Request","","Normal","2024-06-17 10:53"
"3920","Open","10232812","SSRS Report not working.","Sushma Abburi","2024-03-14 23:35","","KinderCare","Product Issue","","High","2024-07-17 10:42"
"3899","Closed","10232872","Select All option in batch doesn't work","Richie Gulati","2024-03-13 00:21","Sandeshi Nikkam","Medidata","Enhancement Request","2024-06-11 09:38","High","2024-06-15 10:31"
"3891","Closed","10232872","Status of errored out jobs.","Saravanan Chellappan","2024-03-12 09:54","Sandeshi Nikkam","Juniper Networks","Enhancement Request","2024-07-17 19:54","Normal","2024-07-21 20:31"
"3864","Closed","10232872","tsv file upload from local is throwing error","Richie Gulati","2024-03-08 05:09","Sandeshi Nikkam","Medidata","Product Issue","2024-05-30 01:16","High","2024-06-03 01:31"
"3846","Closed","10232872","Validation Rule Description allows only 50 characters","Shakir Kagzi","2024-03-07 02:10","Sandeshi Nikkam","Onezero","Product Issue","2024-07-16 08:08","Normal","2024-07-20 08:31"
"3836","Closed","10232872","Rdt Metrics Definition","Saravanan Chellappan","2024-03-06 12:54","Sandeshi Nikkam","Juniper Networks","Product Usage Guidance","2024-07-10 16:35","High","2024-07-14 17:31"
"3642","Open","10232812","Autogenerate FDR mapping sometimes mismatches a field mapping value","Robert May","2024-01-09 21:18","Sandeshi Nikkam","Medidata","Product Issue","","Low","2024-09-10 13:53"
"3629","Closed","10232872","FDR pushdown scenario generates sql exception with Snowflake possible case sensitivity issue","Robert May","2024-01-05 22:54","Sandeshi Nikkam","Medidata","Product Issue","2024-05-30 01:16","Normal","2024-06-03 01:31"
"3609","Open","10232812","Add Packetized by column to Auto generate FDR spreadsheets","Robert May","2023-12-30 02:51","Nuthan Jakkam","Medidata","Enhancement Request","","Normal","2024-08-02 15:34"
"3596","Open","10232812","Jira Integration Issue","Richie Gulati","2023-12-18 22:24","","Medidata","Product Issue","","Normal","2024-06-17 10:49"
"3588","Open","10232812","Report Dates Format","Oates, Thomas","2023-12-15 01:30","","AF Group","Enhancement Request","","Normal","2024-06-17 11:39"
"3583","Open","10232812","Admin page Restart Middleware fails to execute","Robert May","2023-12-14 04:18","","Medidata","Product Issue","","Normal","2024-07-30 13:21"
"3574","Open","10232812","Bulk Validation DB List not in Alpha Order","Oates, Thomas","2023-12-12 23:38","","AF Group","Enhancement Request","","Normal","2024-07-30 13:55"
"3525","Closed","10232872","Re: RightData // EY - Build Update","Agileswaran Palani","2023-11-23 00:04","Abhiram Amaraneni","Ernst & Young","Product Issue","2024-07-12 17:31","Normal","2024-07-16 18:31"
"3474","Open","10232812","Add Exception Result Snapshot Limit option to the Autogenerate spreadsheet","Robert May","2023-11-02 03:10","Sandeshi Nikkam","Medidata","Enhancement Request","","Low","2024-09-19 10:31"
"3466","Open","10232812","Select email priority based on condition","Duane Birnbaum","2023-10-30 18:33","Nuthan Jakkam","AF Group","Enhancement Request","","Low","2024-06-17 11:39"
"3384","Open","10232812","Data quality metrics reports issues","Saravanan Chellappan","2023-10-10 09:31","Sandeshi Nikkam","Juniper Networks","Product Issue","","Low","2024-09-27 10:17"
"3242","Closed","10232872","How to explore the Tool, Please explain the proces...","Kumara Swamy","2023-09-10 11:57","Nuthan Jakkam","","Sales","2024-07-11 20:02","Low","2024-07-15 20:31"
"3227","Open","10232812","Auto-generate FDR: new feature if you don't click on validate, and directly click on proceed to create is not working","Richie Gulati","2023-09-05 19:19","Sandeshi Nikkam","Medidata","Enhancement Request","","Normal","2024-08-07 12:05"
"3215","Closed","10232872","RD enhancement request. Parse and deliver sql tabular formatted dateset for JSON based S3 files","Robert May","2023-08-30 00:42","Abhiram Amaraneni","Medidata","Enhancement Request","2024-08-13 22:53","Normal","2024-08-17 23:31"
"3163","Open","10232812","Security Concern - profile modifications.","Xourias, Bill (CTR)","2023-08-11 21:05","","OPM","Enhancement Request","","Normal","2024-06-17 11:38"
"3122","Open","10232812","Re: RightData connection creation(CRM)","Sasikanth Chunduri","2023-07-25 22:11","Sandeshi Nikkam","UCare","Enhancement Request","","Normal","2024-09-27 10:39"
"2997","Open","10232812","An Admin view for Folder-Level security","Oates, Thomas","2023-06-07 01:57","Nuthan Jakkam","AF Group","Enhancement Request","","Low","2024-07-19 10:38"
"2940","Open","10232812","Scripted Content Management","Oates, Thomas","2023-05-23 23:52","Abhiram Amaraneni","AF Group","Enhancement Request","","Normal","2024-06-17 11:40"
"2939","Open","10232812","Enhancement Request - Scenario Diff Tool","Oates, Thomas","2023-05-23 23:49","Nuthan Jakkam","AF Group","Enhancement Request","","Normal","2024-06-18 22:37"
"2665","Open","10232812","Feature Request - Custom Naming of Results Tabs UI","Jayheen Patel","2023-02-23 15:31","","EdenTree","Enhancement Request","","Normal","2024-06-17 10:53"
"2636","Closed","10232872","Re: RDt - UCare : working on RDT Features","Vadim Bakman","2023-02-16 03:26","Nuthan Jakkam","UCare","Enhancement Request","2024-07-18 14:09","Normal","2024-07-22 14:31"
"2502","Closed","10232872","Edentree Enhancement Requests","Jayheen Patel","2023-01-17 16:26","Sandeshi Nikkam","EdenTree","Product Issue","2024-07-02 21:49","Normal","2024-07-06 22:31"
"2283","Closed","10232872","RE: Observations in Right Data","S, Pavithra [JJCUS NON-J&J]","2022-11-28 17:53","Abhiram Amaraneni","J&J","Product Usage Guidance","2023-01-17 22:10","Normal","2023-01-21 22:31"
