"ID","Status","Build Version","Subject","Requester","Group","Requested","Priority","Organization","Updated","Ticket Type"
"4711","Pending","","RightData access for PROS - Krishn mohan Satapathi","Sarkar, Soumi [JANIN NON-J&J]","DT DE","2024-09-25 12:23","Normal","J&J","2024-09-25 14:50","Product Usage Guidance"
"4712","New","","Conversation with kavin","kavin","","2024-09-25 14:36","'-","","2024-09-25 14:47",""
"4409","Open","2023.09","Reporting Characteristics for TDR & BDV","Gowtham Madhavan","DT CSE QA","2024-07-10 14:56","High","Juniper Networks","2024-09-25 12:59","Enhancement Request"
"4082","Open","2023.03","Email not populating source & target counts","Machiraju, Rekha S","DT Team","2024-04-05 01:17","Normal","Mercy","2024-09-25 12:51","Product Issue"
"4704","Open","","FDRs and FDR batch jobs taking too long to finish execution","Gowtham Madhavan","DT CSE Dev","2024-09-23 22:13","High","Juniper Networks","2024-09-25 11:42","Product Issue"
"4666","Pending","2023.09","SNOW-RDT Integration - Incident creation","Saravanan Chellappan","DT Team","2024-09-10 14:16","Normal","Juniper Networks","2024-09-25 11:28","Enhancement Request"
"4703","Open","","TDR table error","Gowtham Madhavan","DT CSE Dev","2024-09-23 21:10","High","Juniper Networks","2024-09-25 10:21","Product Usage Guidance"
"4682","Pending","2024.03","ServiceNow- :In Pivot widget, Copy & Paste field names with space is put into new each word as new field.","Vineet Maheshwari","DT Team","2024-09-16 10:25","Normal","ServiceNow","2024-09-25 10:20","Product Issue"
"4356","Open","2023.09","Null value issue in Excel date fields.","Patil, Meghana (Xceedance)","DT CSE Dev","2024-06-13 16:15","Low","Berkshire Hathaway Speciality Insurance","2024-09-25 10:16","Enhancement Request"
"4677","Open","","FDR - Push down function give error","Khanh Pham","DT CSE Dev","2024-09-13 01:49","Normal","KinderCare","2024-09-25 10:15","Product Issue"
"4681","Open","","Servicenow-list of tables not fetching in Navigator and Search table functionality not working.","Vineet Maheshwari","DT CSE Dev","2024-09-16 10:05","Normal","ServiceNow","2024-09-25 10:13","Product Issue"
"4616","Open","2024.03","Re: ServiceNow - Performance issue(Cockpit)","Vineet Maheshwari","DT CSE Dev","2024-08-23 12:15","Normal","ServiceNow","2024-09-25 10:03","Product Issue"
"4688","Open","","RE: [RightData][SAP to Cloud Migration - Latin America-L7P] Non-SAP Application","Capuli, Kyla Isabel","DT Team","2024-09-18 10:56","High","P&G","2024-09-24 19:35","Product Usage Guidance"
"4683","Pending","","CRM SO - FDR - RDT False reporting in exceptions","Saravanan Chellappan","DT Team","2024-09-16 16:25","High","Juniper Networks","2024-09-24 15:52","Product Issue"
"4695","Open","","Unable to Store the FDR version in the GIT HUB","Ranjan Das, Dibya","DT Team","2024-09-19 20:47","Normal","Wolters Kluwer","2024-09-24 15:13","Product Usage Guidance"
"4437","Pending","2023.09","Snowflake query is running slowly in RightData when compared to Snowflake","Gowtham Madhavan","DT Team","2024-07-18 15:46","Normal","Juniper Networks","2024-09-24 13:57","Product Usage Guidance"
"4247","Open","2023.03","RE: Cosmos DB connectivity for RD","suresh veerabomma","DT Team","2024-05-07 22:48","Normal","UCare","2024-09-23 20:21","Customer Infra Related"
"3122","Open","2023.03","Re: RightData connection creation(CRM)","Sasikanth Chunduri","DT Dev team","2023-07-25 22:11","Normal","UCare","2024-09-23 20:20","Enhancement Request"
"4267","Open","2024.03","RD upgrade","suresh veerabomma","DT Team","2024-05-13 22:17","Normal","UCare","2024-09-23 20:19","Product Issue"
"4378","Open","2024.03","RightData - ""CUR"" View in Query not Recognized in FDR","Vadim Bakman","DT Team","2024-06-21 20:41","Normal","UCare","2024-09-23 20:18","Product Issue"
"4304","Pending","2023.09","Excel Import Issue - Data type issue for date fields.","D, Venkataramareddy (Xceedance)","DT Team","2024-05-24 10:56","Low","Berkshire Hathaway Speciality Insurance","2024-09-23 19:21","Product Issue"
"4355","Pending","2023.09","Decimal Round off Issue","Patil, Meghana (Xceedance)","DT Team","2024-06-13 16:14","Low","Berkshire Hathaway Speciality Insurance","2024-09-23 19:20","Product Usage Guidance"
"4701","Open","","Re: DataTrust Web Server Restoration - AD Config and SSO","Oates, Thomas","DT Team","2024-09-21 01:24","Normal","AF Group","2024-09-23 09:55","Customer Infra Related"
"4673","Open","","Batch job is not saved after edit","Khanh Pham","DT Team","2024-09-12 02:11","High","KinderCare","2024-09-20 13:46","Product Usage Guidance"
"4663","Open","","Existing test case show breaking links","Khanh Pham","DT Team","2024-09-07 00:22","Normal","KinderCare","2024-09-20 13:37","Product Usage Guidance"
"4687","Open","","Test case corruption","Khanh Pham","DT Team","2024-09-17 19:49","High","KinderCare","2024-09-20 13:37","Product Usage Guidance"
"4684","Open","","TDR - incorrected mapped object name from upload","Khanh Pham","DT Dev team","2024-09-16 21:37","Normal","KinderCare","2024-09-20 13:25","Product Issue"
"4671","Open","","Jobs stuck on running status","Aava Shrestha","DT Team","2024-09-11 19:52","Normal","RPMI Railpen","2024-09-19 15:42","Product Usage Guidance"
"4435","Open","2024.03","Handling Column Sequence Changes in TDR Mappings to Ensure Checksum Integrity","Vikaram, Jayu","DT Team","2024-07-18 14:18","Normal","Wolters Kluwer","2024-09-19 10:35","Product Issue"
"4680","Open","","Batch process global variables substitution does not work in SQL query global variables","Robert May","DT Team","2024-09-13 21:08","Normal","Medidata","2024-09-19 10:32","Product Usage Guidance"
"3474","Open","2023.09","Add Exception Result Snapshot Limit option to the Autogenerate spreadsheet","Robert May","DT Dev team","2023-11-02 03:10","Low","Medidata","2024-09-19 10:31","Enhancement Request"
"4544","Open","","Railpen - Excel attachment in email instead the download link","Richard Lowe","DT Team","2024-08-07 17:45","Normal","RPMI Railpen","2024-09-19 10:28","Enhancement Request"
"4327","Open","2023.09","TDR column mapping in AWS source","Khanh Pham","DT Team","2024-06-05 19:08","Normal","KinderCare","2024-09-19 00:25","Product Issue"
"4685","Open","","Re: RightData product performance","Lakshmi Banerjee","DT Team","2024-09-17 01:48","High","ServiceNow","2024-09-18 23:35","Product Issue"
"4572","Pending","","RE: RightData isn't running anything after update","Richard Lowe","DT Team","2024-08-13 14:32","Urgent","RPMI Railpen","2024-09-18 19:16","Enhancement Request"
"4086","Open","2023.09","RE: KinderCare - Connect(Date format)","Sushma Abburi","DT Team","2024-04-05 16:01","Low","KinderCare","2024-09-18 19:13","Product Issue"
"4670","Open","","Unable to Stop Execution","Shakir Kagzi","DT Team","2024-09-11 02:48","High","Onezero","2024-09-18 18:53","Product Usage Guidance"
"4649","Pending","","RE: Data Trust database access","Jayheen Patel","DT Team","2024-09-03 14:02","Normal","EdenTree","2024-09-18 18:37","Product Usage Guidance"
"4451","Pending","","Salesforce Connection is not working in RDT","Sushma Abburi","DT Team","2024-07-24 09:27","Normal","KinderCare","2024-09-18 18:30","Product Usage Guidance"
"4341","Pending","2023.09","Pushdown option for Snowflake based dataset Validation scenarios","Robert May","DT Team","2024-06-10 20:11","Normal","Medidata","2024-09-18 18:28","Product Usage Guidance"
"4660","Pending","","TLS/SSL Certificate","Capuli, Kyla Isabel","DT Team","2024-09-06 17:46","Normal","P&G","2024-09-18 15:53","License Related"
"4455","Open","2023.09","Notification if the Job doesn't execute","Saravanan Chellappan","DT Dev team","2024-07-25 12:55","Normal","Juniper Networks","2024-09-18 10:39","Enhancement Request"
"4454","Open","2023.09","Issue with Duplicate Email Notifications for Batch Script Execution","Sushma Abburi","DT Team","2024-07-25 06:32","Normal","KinderCare","2024-09-16 21:56","Product Issue"
"4375","Open","","Snowflake based SQL dataset profiling fails (with 0 error messages)","Robert May","DT Team","2024-06-20 21:59","Normal","Medidata","2024-09-13 23:23","Product Issue"
"4582","Open","2023.09","No Data Trust emails generated this morning","Jayheen Patel","DT Team","2024-08-15 13:39","Normal","EdenTree","2024-09-13 08:50","Product Issue"
"4676","Open","","SQL Open Connections","Richard Lowe","DT Team","2024-09-12 21:17","Normal","RPMI Railpen","2024-09-13 08:29","Product Usage Guidance"
"4659","Open","","Data Trust being very slow","Yan, Sean","DT Team","2024-09-06 17:44","High","EdenTree","2024-09-12 15:11","Product Usage Guidance"
"4345","Open","2023.09","Automating the Refresh Process in PBI Reports to Eliminate Manual Effort","Sushma Abburi","DT Team","2024-06-10 23:11","High","KinderCare","2024-09-10 19:08","Product Usage Guidance"
"4391","Open","2023.09","Batch Console Job Not Stopping on Initial Widget Failures","Sushma Abburi","DT Dev team","2024-07-06 01:27","Low","KinderCare","2024-09-10 19:00","Enhancement Request"
"3642","Open","2023.09","Autogenerate FDR mapping sometimes mismatches a field mapping value","Robert May","DT Dev team","2024-01-09 21:18","Low","Medidata","2024-09-10 13:53","Product Issue"
"4644","Open","2023.09","Additional column to be added in Data Trust","Jayheen Patel","DT Team","2024-08-30 19:17","Normal","EdenTree","2024-09-10 12:22","Enhancement Request"
"4418","Open","","Is it possible to ingest data from Flink system using FlinkSQL","Robert May","DT Team","2024-07-12 03:52","Normal","Medidata","2024-08-26 15:13","Enhancement Request"
"4623","Open","","[Enhancement] Snowflake Polaris Iceberg based data catalog access","Robert May","DT Team","2024-08-24 03:43","Normal","Medidata","2024-08-26 12:03","Enhancement Request"
"4330","Pending","2023.12","RE: Second Pass Test: Complex filter issue","Pogul, Chandraja [JJCUS NON-J&J]","DT Team","2024-06-06 20:37","Normal","J&J","2024-08-09 10:36","Product Issue"
"3384","Open","2023.09","Data quality metrics reports issues","Saravanan Chellappan","DT Dev team","2023-10-10 09:31","Low","Juniper Networks","2024-08-07 12:06","Product Issue"
"3227","Open","2023.09","Auto-generate FDR: new feature if you don't click on validate, and directly click on proceed to create is not working","Richie Gulati","DT Dev team","2023-09-05 19:19","Normal","Medidata","2024-08-07 12:05","Enhancement Request"
"3609","Open","2023.09","Add Packetized by column to Auto generate FDR spreadsheets","Robert May","DT Team","2023-12-30 02:51","Normal","Medidata","2024-08-02 15:34","Enhancement Request"
"4211","Open","2023.09","Remote query SQL string execution log entry is missing for Snowflake database ingestion","Robert May","DT Team","2024-04-26 23:44","Normal","Medidata","2024-08-02 15:33","Product Issue"
"3574","Open","2023.03","Bulk Validation DB List not in Alpha Order","Oates, Thomas","DT Team","2023-12-12 23:38","Normal","AF Group","2024-07-30 13:55","Enhancement Request"
"3583","Open","2023.09","Admin page Restart Middleware fails to execute","Robert May","DT Team","2023-12-14 04:18","Normal","Medidata","2024-07-30 13:21","Product Issue"
"2997","Open","2023.03","An Admin view for Folder-Level security","Oates, Thomas","DT Team","2023-06-07 01:57","Low","AF Group","2024-07-19 10:38","Enhancement Request"
"4384","Open","","RE: Export Decimal Scale and Precision","White, Richard","DT Team","2024-07-02 05:29","Normal","EdenTree","2024-07-18 15:21","Enhancement Request"
"4399","Open","","Data transformation generate pivot data columns","Robert May","DT Team","2024-07-09 03:43","Normal","Medidata","2024-07-18 13:16","Enhancement Request"
"3920","Open","2023.09","SSRS Report not working.","Sushma Abburi","DT Team","2024-03-14 23:35","High","KinderCare","2024-07-17 10:42","Product Issue"
"4362","Open","","Re: Image in Custom Email","Oates, Thomas","DT Team","2024-06-18 23:02","Normal","AF Group","2024-07-09 18:19","Product Usage Guidance"
"4392","Open","","[Enhancement] Add Batch Process execution override profiles and variables UI capability","Robert May","DT Team","2024-07-06 02:31","Normal","Medidata","2024-07-08 14:11","Enhancement Request"
"4393","Open","","[Enhancement] Add override variables to the FDR Parameter execute with run time params dialog","Robert May","DT Team","2024-07-06 02:37","Normal","Medidata","2024-07-08 09:51","Enhancement Request"
"4342","Open","2023.09","Add more details to Slack integration FDR execution message","Robert May","DT Team","2024-06-10 21:03","Normal","Medidata","2024-06-24 17:25","Enhancement Request"
"4343","Open","2023.09","Add more details to Slack integration Scenario execution message","Robert May","DT Team","2024-06-10 21:41","Normal","Medidata","2024-06-24 17:25","Enhancement Request"
"4344","Open","2023.09","Add more details to Slack integration Batch Process execution message","Robert May","DT Team","2024-06-10 21:43","Normal","Medidata","2024-06-24 17:24","Enhancement Request"
"2939","Open","2023.03","Enhancement Request - Scenario Diff Tool","Oates, Thomas","DT Team","2023-05-23 23:49","Normal","AF Group","2024-06-18 22:37","Enhancement Request"
"2940","Open","2023.03","Scripted Content Management","Oates, Thomas","DT Team","2023-05-23 23:52","Normal","AF Group","2024-06-17 11:40","Enhancement Request"
"3466","Open","2023.03","Select email priority based on condition","Duane Birnbaum","DT Team","2023-10-30 18:33","Low","AF Group","2024-06-17 11:39","Enhancement Request"
"3588","Open","2023.03","Report Dates Format","Oates, Thomas","DT Team","2023-12-15 01:30","Normal","AF Group","2024-06-17 11:39","Enhancement Request"
"3163","Open","2023.03","Security Concern - profile modifications.","Xourias, Bill (CTR)","DT Team","2023-08-11 21:05","Normal","OPM","2024-06-17 11:38","Enhancement Request"
"2665","Open","2023.09","Feature Request - Custom Naming of Results Tabs UI","Jayheen Patel","DT Team","2023-02-23 15:31","Normal","EdenTree","2024-06-17 10:53","Enhancement Request"
"3973","Open","2023.09","Audit Log for UI Changes","Jayheen Patel","DT Team","2024-03-20 17:28","Normal","EdenTree","2024-06-17 10:53","Enhancement Request"
"4193","Open","2023.09","Data Trust Feature Request | Selected Sum, Count and Average Summary visible on UI","Jayheen Patel","DT Team","2024-04-24 16:22","Normal","EdenTree","2024-06-17 10:52","Enhancement Request"
"4179","Open","2023.09","Data Trust Feature Request | Ability to Name Source and Target","Jayheen Patel","DT Team","2024-04-23 18:36","Normal","EdenTree","2024-06-17 10:52","Enhancement Request"
"3596","Open","2023.09","Jira Integration Issue","Richie Gulati","DT Team","2023-12-18 22:24","Normal","Medidata","2024-06-17 10:49","Product Issue"
"4033","Open","2023.09","Scenario based on S3 Apache Drill dataset fails to execution with IllegalArgumentException","Robert May","DT Team","2024-03-29 01:44","Normal","Medidata","2024-06-17 10:48","Product Issue"
"4031","Open","2023.09","For FDR or Validation custom SQL widget Apache Drill is no longer in the Database Type drop down","Robert May","DT Team","2024-03-28 22:51","Normal","Medidata","2024-06-17 10:48","Enhancement Request"
