"ID","Status","Ticket status","Satisfaction","Subject","Requester","Requested","Assignee","Ticket Type","Organization","Priority","Updated"
"4635","Pending","10232832","Unoffered","Re: Add IP restriction:","Nate Good","2024-08-27 21:48","","Customer Infra Related","PACE Claims","High","2024-09-20 11:42"
"4625","Open","10232812","Unoffered","When session expires, taken to a blank page. Route doesn't exists.","Nate Good","2024-08-24 22:14","","","PACE Claims","Low","2024-09-20 11:43"
"4624","Open","10232812","Unoffered","Currently Running List Bugs","Nate Good","2024-08-24 20:27","","","PACE Claims","Low","2024-09-20 11:43"
"4602","Pending","10232832","Unoffered","P1 - All Reporting Failing Again","Nate Good","2024-08-20 16:28","","","PACE Claims","Urgent","2024-09-20 11:42"
"4569","New","10232792","Unoffered","Issue Update #707808","...Security_breach:_Claim_compensation_instantly🤝:ex.com/news?","2024-08-12 23:10","","","","Normal","2024-08-12 23:10"
"4410","New","10232792","Unoffered","RE: PVC Coated Fabric Architecture 1300gsm PVDF","Allen","2024-07-10 15:58","","","","'-","2024-07-10 15:58"
"4261","Open","10232812","Unoffered","MFA Support","Nate Good","2024-05-09 20:13","","","PACE Claims","Normal","2024-09-20 11:42"
"4210","Open","10232812","Unoffered","Re: Data Factory Request","Abhiram Amaraneni","2024-04-26 21:00","","Enhancement Request","RightData","'-","2024-04-28 23:42"
"4209","Open","10232812","Unoffered","Variables in Data Factory File Names","White, Richard","2024-04-26 19:57","Satish","Product Usage Guidance","EdenTree","Normal","2024-06-17 10:54"
"4136","Open","10232812","Unoffered","Re: Data Factory - Questions","Skepper, Hugh","2024-04-16 20:29","Satish","Product Usage Guidance","EdenTree","Normal","2024-06-17 10:54"
"4133","Pending","10232832","Unoffered","LEFT OUTER JOIN two datasets","Skepper, Hugh","2024-04-16 16:37","","","EdenTree","'-","2024-06-17 10:55"
"4034","Open","10232812","Unoffered","Unable to create a delta lake table due to invalid file.","Nate Good","2024-03-29 08:30","Satish","","PACE Claims","Low","2024-09-20 11:42"
"3311","Open","10232812","Unoffered","Bugs","White, Richard","2023-09-20 14:51","Satish","","EdenTree","'-","2023-11-23 10:28"
"3304","Open","10232812","Unoffered","Dextrus Connections - Cannot Edit","White, Richard","2023-09-19 15:55","Satish","","EdenTree","'-","2023-11-23 10:28"
"3289","Open","10232812","Unoffered","SFTP Connection with Private Key","Skepper, Hugh","2023-09-15 20:11","Satish","","EdenTree","'-","2023-09-20 01:20"
